comparison,population_1,population_2,n_windows,mean_fst_weighted_by_snps,median_fst,q95_fst,q99_fst,max_fst,mean_dxy_weighted_by_sites,median_dxy
WR_vs_FN,WR,FN,21868,0.001841,-0.000325841,0.028646,0.049317,0.141683,0.000245381,0.000231069
FN_vs_GR,FN,GR,21868,0.001726,-0.000526524,0.032311,0.053746,0.139059,0.000239683,0.000224866
FN_vs_SK,FN,SK,21868,0.001669,-0.000146007,0.024836,0.042337,0.086968,0.00024183,0.000227548
FN_vs_NY,FN,NY,21868,0.001546,-0.00033778,0.026863,0.044753,0.138182,0.000237673,0.000224258
WR_vs_NY,WR,NY,21868,0.000196796,-0.001943,0.028434,0.048614,0.130009,0.000243861,0.000229825
WR_vs_SK,WR,SK,21868,0.000145643,-0.001817,0.025796,0.045663,0.160724,0.000248086,0.000233252
NY_vs_GR,NY,GR,21868,8.11344e-05,-0.002521,0.032808,0.056733,0.145791,0.000238974,0.00022448
GR_vs_SK,GR,SK,21868,-1.90021e-05,-0.002299,0.029964,0.051923,0.130263,0.000242547,0.000227233
NY_vs_SK,NY,SK,21868,-8.35557e-05,-0.001954,0.024509,0.042487,0.13304,0.000240716,0.000226656
WR_vs_GR,WR,GR,21868,-0.000501636,-0.003007,0.033495,0.057656,0.173972,0.000246043,0.000231046
