sample_short_id,region,roh_count,roh_total_mb,froh_total,froh_0.3_1Mb,froh_1_5Mb,froh_gt5Mb
WRG01,WR,7,4.77891,0.004072,0.003198,8.74e-4,0
FNM02,FN,12,6.80788,0.0058,0.003846,0.001955,0
FNM03,FN,13,6.58935,0.005614,0.005614,0,0
FNM04,FN,11,5.33645,0.004547,0.003693,8.54e-4,0
FNM05,FN,13,8.07841,0.006883,0.003772,0.003111,0
FNM06,FN,8,6.25021,0.005325,0.002786,0.00254,0
FNM07,FN,14,7.62067,0.006493,0.005573,9.2e-4,0
FNM16,FN,11,5.98706,0.005101,0.003251,0.00185,0
FNM17,FN,21,15.6621,0.013344,0.007696,0.005648,0
WRG32,WR,12,11.8386,0.010087,0.003458,0.006629,0
WRG46,WR,10,3.70622,0.0031580000000000002,0.0031580000000000002,0,0
WRG02,WR,14,6.4375,0.005485,0.004559,9.25e-4,0
WRG48,WR,8,4.03449,0.003437,0.002541,8.97e-4,0
WRG06,WR,20,10.6639,0.009086,0.007625,0.00146,0
WRG03,WR,14,5.40213,0.004603,0.004603,0,0
WRG05,WR,9,3.40383,0.0029,0.0029,0,0
WRG08,WR,13,8.07719,0.006882,0.004914,0.001968,0
FNM12,FN,12,6.15876,0.005247,0.005247,0,0
WRG09,WR,14,6.67159,0.005684,0.004794,8.9e-4,0
WRG10,WR,17,12.8255,0.010927,0.005016,0.005911,0
WRG11,WR,19,9.42729,0.008032,0.006963,0.001069,0
FNM01,FN,16,6.60164,0.005625,0.005625,0,0
NY10,NY,13,6.03319,0.00514,0.00514,0,0
NY11,NY,15,7.2683,0.006193,0.006193,0,0
NY12,NY,13,6.84513,0.005832,0.004505,0.001327,0
NY13,NY,23,17.4932,0.014904,0.007709,0.007196,0
NY01,NY,20,13.1841,0.011233,0.007547,0.003686,0
NY02,NY,14,7.78149,0.00663,0.005671,9.58e-4,0
NY03,NY,14,7.14869,0.006091,0.004677,0.001414,0
NY04,NY,8,9.36802,0.007982,0.001529,0.006453,0
NY05,NY,11,4.86535,0.004145,0.003082,0.001063,0
NY06,NY,16,17.3277,0.014763,0.005295,0.003811,0.005658
NY07,NY,15,8.66327,0.007381,0.005117,0.002264,0
NY08,NY,20,10.4076,0.008867,0.006873,0.001995,0
NY09,NY,14,8.19935,0.006986,0.004692,0.002294,0
FNM08,FN,12,5.93557,0.005057,0.005057,0,0
GRL01,GR,14,9.70117,0.008265,0.00349,0.004775,0
GRL02,GR,15,7.14161,0.006085,0.006085,0,0
GRL03,GR,19,8.70754,0.007419,0.007419,0,0
GRL05,GR,13,6.21135,0.005292,0.003922,0.00137,0
GRL06,GR,13,5.29267,0.004509,0.004509,0,0
GRL07,GR,16,7.86103,0.006698,0.006698,0,0
GRL08,GR,16,9.14891,0.007795,0.006669,0.001126,0
GRL09,GR,13,7.93463,0.00676,0.004782,0.001978,0
FNM09,FN,10,5.00977,0.004268,0.002901,0.001367,0
GRL10,GR,20,11.924,0.010159,0.007655,0.002505,0
SKW01,SK,17,10.0638,0.008574,0.005502,0.003072,0
SKW03,SK,15,12.9649,0.011046,0.005047,0,0.005999
SKW04,SK,10,6.6244,0.005644,0.00266,0.002984,0
SKW05,SK,19,17.5123,0.014921,0.005176,0.009744,0
SKW06,SK,13,7.29084,0.006212,0.005086,0.001126,0
SKW07,SK,16,11.6021,0.009885,0.004652,0.005233,0
SKW08,SK,17,9.7546,0.008311,0.006061,0.00225,0
SKW09,SK,10,4.80335,0.004092,0.004092,0,0
FNM10,FN,12,5.92609,0.005049,0.003835,0.001215,0
SKW10,SK,18,10.3576,0.008825,0.005451,0.003374,0
SKW11,SK,16,7.91449,0.006743,0.005376,0.001367,0
SKW12,SK,14,8.55854,0.007292,0.004929,0.002363,0
SKW13,SK,15,6.31649,0.005382,0.005382,0,0
SKW14,SK,16,6.71539,0.005722,0.005722,0,0
SKW15,SK,16,9.25888,0.007889,0.006521,0.001368,0
SKW16,SK,14,5.93328,0.005055,0.005055,0,0
SKW17,SK,18,13.3363,0.011363,0.005883,0.00548,0
FNM11,FN,16,8.32199,0.00709,0.00587,0.00122,0
FNM13,FN,16,7.28004,0.006203,0.006203,0,0
FNM15,FN,13,7.80333,0.006648,0.004626,0.002022,0
