snow_owl_chromosome,snow_owl_chromosome_number,homologous_chicken_chromosome,chicken_recombination_rate_cm_per_mb,selection_criteria,notes
SUPER_11,11,,,One-to-one synteny with chicken; no fusion/fission relative to chicken homolog; comparable acrocentric morphology; available chicken chromosome-specific recombination-rate estimate.,Manual curation required: add homologous chicken chromosome and chromosome-specific recombination rate from source table/literature.
SUPER_13,13,,,One-to-one synteny with chicken; no fusion/fission relative to chicken homolog; comparable acrocentric morphology; available chicken chromosome-specific recombination-rate estimate.,Manual curation required: add homologous chicken chromosome and chromosome-specific recombination rate from source table/literature.
SUPER_14,14,,,One-to-one synteny with chicken; no fusion/fission relative to chicken homolog; comparable acrocentric morphology; available chicken chromosome-specific recombination-rate estimate.,Manual curation required: add homologous chicken chromosome and chromosome-specific recombination rate from source table/literature.
SUPER_15,15,,,One-to-one synteny with chicken; no fusion/fission relative to chicken homolog; comparable acrocentric morphology; available chicken chromosome-specific recombination-rate estimate.,Manual curation required: add homologous chicken chromosome and chromosome-specific recombination rate from source table/literature.
SUPER_17,17,,,One-to-one synteny with chicken; no fusion/fission relative to chicken homolog; comparable acrocentric morphology; available chicken chromosome-specific recombination-rate estimate.,Manual curation required: add homologous chicken chromosome and chromosome-specific recombination rate from source table/literature.
SUPER_18,18,,,One-to-one synteny with chicken; no fusion/fission relative to chicken homolog; comparable acrocentric morphology; available chicken chromosome-specific recombination-rate estimate.,Manual curation required: add homologous chicken chromosome and chromosome-specific recombination rate from source table/literature.
SUPER_19,19,,,One-to-one synteny with chicken; no fusion/fission relative to chicken homolog; comparable acrocentric morphology; available chicken chromosome-specific recombination-rate estimate.,Manual curation required: add homologous chicken chromosome and chromosome-specific recombination rate from source table/literature.
SUPER_20,20,,,One-to-one synteny with chicken; no fusion/fission relative to chicken homolog; comparable acrocentric morphology; available chicken chromosome-specific recombination-rate estimate.,Manual curation required: add homologous chicken chromosome and chromosome-specific recombination rate from source table/literature.
SUPER_21,21,,,One-to-one synteny with chicken; no fusion/fission relative to chicken homolog; comparable acrocentric morphology; available chicken chromosome-specific recombination-rate estimate.,Manual curation required: add homologous chicken chromosome and chromosome-specific recombination rate from source table/literature.
SUPER_22,22,,,One-to-one synteny with chicken; no fusion/fission relative to chicken homolog; comparable acrocentric morphology; available chicken chromosome-specific recombination-rate estimate.,Manual curation required: add homologous chicken chromosome and chromosome-specific recombination rate from source table/literature.
SUPER_23,23,,,One-to-one synteny with chicken; no fusion/fission relative to chicken homolog; comparable acrocentric morphology; available chicken chromosome-specific recombination-rate estimate.,Manual curation required: add homologous chicken chromosome and chromosome-specific recombination rate from source table/literature.
SUPER_24,24,,,One-to-one synteny with chicken; no fusion/fission relative to chicken homolog; comparable acrocentric morphology; available chicken chromosome-specific recombination-rate estimate.,Manual curation required: add homologous chicken chromosome and chromosome-specific recombination rate from source table/literature.
SUPER_25,25,,,One-to-one synteny with chicken; no fusion/fission relative to chicken homolog; comparable acrocentric morphology; available chicken chromosome-specific recombination-rate estimate.,Manual curation required: add homologous chicken chromosome and chromosome-specific recombination rate from source table/literature.
SUPER_26,26,,,One-to-one synteny with chicken; no fusion/fission relative to chicken homolog; comparable acrocentric morphology; available chicken chromosome-specific recombination-rate estimate.,Manual curation required: add homologous chicken chromosome and chromosome-specific recombination rate from source table/literature.
SUPER_27,27,,,One-to-one synteny with chicken; no fusion/fission relative to chicken homolog; comparable acrocentric morphology; available chicken chromosome-specific recombination-rate estimate.,Manual curation required: add homologous chicken chromosome and chromosome-specific recombination rate from source table/literature.
SUPER_28,28,,,One-to-one synteny with chicken; no fusion/fission relative to chicken homolog; comparable acrocentric morphology; available chicken chromosome-specific recombination-rate estimate.,Manual curation required: add homologous chicken chromosome and chromosome-specific recombination rate from source table/literature.
SUPER_29,29,,,One-to-one synteny with chicken; no fusion/fission relative to chicken homolog; comparable acrocentric morphology; available chicken chromosome-specific recombination-rate estimate.,Manual curation required: add homologous chicken chromosome and chromosome-specific recombination rate from source table/literature.
