column,description,allowed_values_or_format
sample_id,Stable sample identifier used in VCFs and downstream files,Text; must match analysis input files
individual_id,Biological individual identifier,Text
library_id,Sequencing library or lane identifier if applicable,Text or blank
country,Country or territory of sampling,Text
region,Geographic region used for summaries,Text
population_final,Final population grouping used in manuscript analyses,Text
population_source_rule,How population_final was assigned,Text; cite rule or source
latitude,Decimal latitude,Numeric decimal degrees or blank
longitude,Decimal longitude,Numeric decimal degrees or blank
collection_year,Year of collection,YYYY or blank
sex_field,Sex recorded from field or museum metadata,Female; Male; Unknown; blank
sex_genomic,Sex inferred from genomic depth/missingness,Female; Male; Unknown; blank
sex_final,Final sex used in analyses,Female; Male; Unknown; blank
mean_depth,Mean autosomal sequencing depth after filtering,Numeric or blank
missingness,Sample-level missingness after filtering,Numeric proportion or blank
relatedness_flag,Relatedness/QC decision,keep; remove; review; blank
contamination_flag,Contamination/QC decision,keep; remove; review; blank
include_pca,Include sample in PCA analyses,TRUE; FALSE
include_pixy,Include sample in pixy analyses,TRUE; FALSE
include_roh,Include sample in ROH/heterozygosity analyses,TRUE; FALSE
include_gone,Include sample in GONE analyses,TRUE; FALSE
notes,Free-text provenance or caveats,Text
