table_id,filename,title,recommended_destination,manual_status
Table S1,Table_S1_sample_metadata_and_analysis_inclusion.csv,Sample metadata overview.,Supporting information,"Needs manual check: verify sample identifiers, locations, collection years, observed sex, age, tissue, and public metadata fields."
Table S2,Table_S2_sequencing_and_genotype_QC.csv,Sequencing and genotype QC summary for all Snowy Owl samples.,Supporting information,"Needs manual check: confirm QC thresholds, sex-call wording, and exclusion language."
Table S3,Table_S3_sample_exclusions_and_KING_relatedness.csv,Pairwise KING kinship estimates above the reporting threshold.,Supporting information,Confirm that 0.03 is the preferred reporting threshold; full all-pair KING results are available as online data.
Table S4,Table_S4_PCA_dataset_summaries.csv,Summary of GATK and ANGSD PCA datasets and filters.,Supporting information,Needs manual check: confirm GATK SNP count/LD-pruning details if exact SNP numbers should be reported.
Table S5,Table_S5_pairwise_FST_and_dXY.csv,Pairwise mean FST and dXY among sampling regions.,Supporting information,Likely ready after checking population labels and rounding.
Table S6,Table_S6_genome_wide_diversity_macro_micro.csv,Genome-wide diversity summaries by macro- and microchromosomes.,Supporting information,Manual check: confirm macro/microchromosome definition in final text.
Table S7,Table_S7_centromere_pericentromere_diversity.csv,"Diversity in centromeric, pericentromeric, and background regions.",Supporting information,Manual check: emphasize that centromere annotations are available for only a subset of chromosomes.
Table S8,Table_S8_ROH_individual_summary.csv,Individual runs of homozygosity summary.,Supporting information,Manual check: confirm autosomal genome size and ROH length classes.
Table S9,Table_S9_ROH_region_summary.csv,Regional runs of homozygosity summary.,Supporting information,Manual check: decide whether regional summaries or all-sample row should be emphasized.
Table S10,Table_S10_GONE_chromosomes_used_for_demographic_inference.csv,Chromosomes used for GONE demographic inference.,Supporting information,Manual curation required: add homologous chicken chromosome and chromosome-specific recombination rate; confirm whether 6.63 cM/Mb is arithmetic or length-weighted mean.
Table S11,Table_S11_GONE_dataset_and_sensitivity_summary.csv,GONE primary and sensitivity run summary.,Supporting information,Needs manual check: confirm primary run and whether implausible all64 runs should remain in the formal table.
