sample_id,sample_short_id,individual_id,country,location,population_id,collection_year,sex_field,age,tissue
FNM01_9-X42_S17_L002,FNM01,FNM01,,Fennoscandia,FN,2011,NA,Nestling,BF
FNM02_10-X43_S20_L002,FNM02,TB00878,,Fennoscandia,FN,2011,NA,Nestling,BF
FNM03_11-X44_S23_L002,FNM03,TB00405,,Fennoscandia,FN,2011,NA,Nestling,BF
FNM04_12-X45_S26_L002,FNM04,TB00407,,Fennoscandia,FN,2011,NA,Nestling,BF
FNM05_13-X46_S29_L002,FNM05,TB00402,,Fennoscandia,FN,2011,NA,Nestling,BF
FNM06_14-X47_S32_L002,FNM06,FNM06,,Fennoscandia,FN,2011,NA,Nestling,BF
FNM07_15-X48_S35_L002,FNM07,TB00410,,Fennoscandia,FN,2011,NA,Nestling,BF
FNM08_merged_X1,FNM08,BA40507,,Fennoscandia,FN,2015,NA,Nestling,BL
FNM09_merged_X2,FNM09,FNM09,,Fennoscandia,FN,2015,NA,Nestling,BL
FNM10_merged_X3,FNM10,FNM10,,Fennoscandia,FN,2015,NA,Nestling,BL
FNM11_merged_X4,FNM11,FNM11,,Fennoscandia,FN,2015,NA,Nestling,BL
FNM12_5-X5_S119_L004,FNM12,FNM12,,Fennoscandia,FN,2015,NA,Nestling,BL
FNM13_merged_X6,FNM13,FNM13,,Fennoscandia,FN,2015,NA,Nestling,BL
FNM15_merged_X8,FNM15,BA40510,,Fennoscandia,FN,2015,NA,Nestling,BL
FNM16_16-X49_S37_L002,FNM16,BA40505,,Fennoscandia,FN,2015,NA,Nestling,BL
FNM17_17-X50_S18_L002,FNM17,TB00412,,Fennoscandia,FN,2011,NA,Nestling,BF
GRL01_merged_X11,GRL01,2438,Greenland,,GR,1996,F,Adult,MU
GRL02_merged_X12,GRL02,2445,Greenland,,GR,2008,F,Juvenile,MU
GRL03_merged_X13,GRL03,2439,Greenland,,GR,2000,F,Juvenile,MU
GRL04_merged_X14,GRL04,2440,Greenland,,GR,2001,M,Juvenile,MU
GRL05_merged_X15,GRL05,2437,Greenland,,GR,2006,F,Adult,MU
GRL06_merged_X16,GRL06,2444,Greenland,,GR,2001,M,Juvenile,MU
GRL07_merged_X17,GRL07,2442,Greenland,,GR,1998,M,Juvenile,MU
GRL08_merged_X18,GRL08,2446,Greenland,,GR,1998,M,Juvenile,MU
GRL09_merged_X19,GRL09,2441,Greenland,,GR,2000,M,Juvenile,MU
GRL10_merged_X20,GRL10,2443,Greenland,,GR,2001,F,Juvenile,MU
NY01_DAG-BS-1_S1,NY01,Unbanded (dead),USA,New York State,NY,,M,SY,FE
NY02_DAG-BS-2_S2,NY02,0699-03116,USA,New York State,NY,,F,AHY,FE
NY03_DAG-BS-3_S3,NY03,0829-00946,USA,New York State,NY,,F,SY,FE
NY04_DAG-BS-4_S4,NY04,0829-00947,USA,New York State,NY,,F,AFY,FE
NY05_DAG-BS-5_S5,NY05,0829-00948,USA,New York State,NY,,F,ATY,FE
NY06_DAG-BS-6_S6,NY06,0289-00949,USA,New York State,NY,,F,AFY,FE
NY07_DAG-BS-7_S7,NY07,0829-00950,USA,New York State,NY,,F,TY,FE
NY08_DAG-BS-8_S8,NY08,0289-00951,USA,New York State,NY,,F,ATY,FE
NY09_DAG-BS-9_S9,NY09,0829-00952,USA,New York State,NY,,F,AHY,FE
NY10_DAG-BS-10_S10,NY10,0829-00953,USA,New York State,NY,,F,ATY,FE
NY11_DAG-BS-11_S11,NY11,1238-04099,USA,New York State,NY,,M,SY,FE
NY12_DAG-BS-12_S12,NY12,NY200822,USA,New York State,NY,,F,Hy,FE
NY13_DAG-BS-13_S13,NY13,NY200818,USA,New York State,NY,,M,ASY,FE
SKW01_merged_X21,SKW01,2415,Canada,Saskatchewan,SK,2010,F,Adult,MU
SKW02_merged_X22,SKW02,2416,Canada,Saskatchewan,SK,2005,F,Juvenile,MU
SKW03_merged_X23,SKW03,2417,Canada,Saskatchewan,SK,2013,F,Adult,MU
SKW04_merged_X24,SKW04,2419,Canada,Saskatchewan,SK,2009,M,Sub adult,MU
SKW05_merged_X25,SKW05,2420,Canada,Saskatchewan,SK,2010,M,Sub adult,MU
SKW06_merged_X26,SKW06,2421,Canada,Saskatchewan,SK,2008,F,Adult,MU
SKW07_merged_X27,SKW07,2422,Canada,Saskatchewan,SK,2004,F,Adult,MU
SKW08_merged_X28,SKW08,2423,Canada,Saskatchewan,SK,2008,M,Juvenile,MU
SKW09_merged_X29,SKW09,2424,Canada,Saskatchewan,SK,2013,M,Juvenile,MU
SKW10_merged_X30,SKW10,2425,Canada,Saskatchewan,SK,2006,F,Juvenile,MU
SKW11_merged_X31,SKW11,2426,Canada,Saskatchewan,SK,2008,F,Juvenile,MU
SKW12_merged_X32,SKW12,2427,Canada,Saskatchewan,SK,2008,F,Juvenile,MU
SKW13_merged_X33,SKW13,2429,Canada,Saskatchewan,SK,2006,F,Juvenile,MU
SKW14_merged_X34,SKW14,2430,Canada,Saskatchewan,SK,2007,F,Juvenile,MU
SKW15_merged_X35,SKW15,2431,Canada,Saskatchewan,SK,2005,F,Juvenile,MU
SKW16_merged_X36,SKW16,2432,Canada,Saskatchewan,SK,2008,F,Juvenile,MU
SKW17_merged_X37,SKW17,2436,Canada,Saskatchewan,SK,2002,M,Juvenile,MU
WRG01_1-WRG1_S28_L001,WRG01,WRG01,Russia,Wrangel Island,WR,2014,NA,Adult,FE
WRG02_2-WRG2_S33_L001,WRG02,WRG02,Russia,Wrangel Island,WR,2014,NA,Adult,FE
WRG03_3-WRG3_S39_L001,WRG03,WRG03,Russia,Wrangel Island,WR,2014,NA,Adult,FE
WRG05_4-WRG5_S4_L001,WRG05,WRG05,Russia,Wrangel Island,WR,2015,NA,Adult,FE
WRG06_21-X54_S30_L002,WRG06,WRG06,Russia,Wrangel Island,WR,2014,NA,Adult,FE
WRG08_5-WRG8_S10_L001,WRG08,WRG08,Russia,Wrangel Island,WR,2016,NA,Adult,FE
WRG09_6-WRG9_S15_L001,WRG09,WRG09,Russia,Wrangel Island,WR,2017,NA,Adult,FE
WRG10_7-WRG10_S19_L001,WRG10,WRG10,Russia,Wrangel Island,WR,2018,NA,Adult,FE
WRG11_8-WRG11_S24_L001,WRG11,WRG11,Russia,Wrangel Island,WR,2019,NA,Adult,FE
WRG32_18-X51_S21_L002,WRG32,WRG32,Russia,Wrangel Island,WR,2014,NA,Adult,FE
WRG46_19-X52_S24_L002,WRG46,WRG46,Russia,Wrangel Island,WR,2014,NA,Adult,FE
WRG48_20-X53_S27_L002,WRG48,WRG48,Russia,Wrangel Island,WR,2014,NA,Adult,FE
