comparison,population_1,population_2,n_windows,mean_fst_weighted_by_snps,median_fst,q95_fst,q99_fst,max_fst,mean_dxy_weighted_by_sites,median_dxy
GR_vs_NY,GR,NY,22015,1.55e-4,-0.002408,0.033883,0.058456,0.149261,2.5e-4,2.35e-4
FN_vs_GR,FN,GR,22015,4.3e-5,-0.002431,0.033665,0.058963,0.166939,2.5e-4,2.35e-4
FN_vs_SK,FN,SK,22015,-4.5e-5,-0.002248,0.028513,0.04966,0.11985,2.52e-4,2.37e-4
GR_vs_SK,GR,SK,22015,-1.07e-4,-0.002881,0.036397,0.061656999999999997,0.150607,2.53e-4,2.38e-4
FN_vs_NY,FN,NY,22015,-1.45e-4,-0.002121,0.025603,0.0452,0.120172,2.48e-4,2.34e-4
NY_vs_WR,NY,WR,22015,-1.8e-4,-0.003322,0.045964,0.079834,0.248503,2.5e-4,2.34e-4
NY_vs_SK,NY,SK,22015,-2.33e-4,-0.002386,0.028189,0.048863,0.115409,2.52e-4,2.37e-4
FN_vs_WR,FN,WR,22015,-2.52e-4,-0.003569,0.04669,0.080611,0.221327,2.51e-4,2.35e-4
SK_vs_WR,SK,WR,22015,-4.61e-4,-0.003882,0.048347,0.081624,0.369905,2.53e-4,2.38e-4
GR_vs_WR,GR,WR,22015,-0.001237,-0.005087,0.053907,0.091461,0.291899,2.51e-4,2.35e-4
