alignment_qc_id,gc_percent,insert_size_bp,percent_ge_30x,median_coverage,mean_coverage,percent_aligned,source_file_alignment_qc,sample_id
21-X54_S30_L002,45%,341,26.9%,24.0X,25.3X,99.5%,old/supporting_info/Supplementary data.docx,WRG06_21-X54_S30_L002
20-X53_S27_L002,44%,306,3.2%,15.0X,15.3X,99.5%,old/supporting_info/Supplementary data.docx,WRG48_20-X53_S27_L002
19-X52_S24_L002,43%,312,30.0%,25.0X,24.8X,99.5%,old/supporting_info/Supplementary data.docx,WRG46_19-X52_S24_L002
18-X51_S21_L002,44%,355,46.9%,29.0X,28.4X,99.3%,old/supporting_info/Supplementary data.docx,WRG32_18-X51_S21_L002
17-X50_S18_L002,43%,390,55.0%,31.0X,27.2X,99.5%,old/supporting_info/Supplementary data.docx,FNM17_17-X50_S18_L002
16-X49_S37_L002,43%,379,45.9%,28.0X,26.5X,99.5%,old/supporting_info/Supplementary data.docx,FNM16_16-X49_S37_L002
15-X48_S35_L002,44%,376,64.6%,35.0X,32.6X,99.4%,old/supporting_info/Supplementary data.docx,FNM07_15-X48_S35_L002
14-X47_S32_L002,43%,376,48.9%,29.0X,27.3X,99.4%,old/supporting_info/Supplementary data.docx,FNM06_14-X47_S32_L002
13-X46_S29_L002,43%,375,76.4%,44.0X,39.3X,99.5%,old/supporting_info/Supplementary data.docx,FNM05_13-X46_S29_L002
12-X45_S26_L002,44%,362,59.5%,32.0X,30.4X,99.5%,old/supporting_info/Supplementary data.docx,FNM04_12-X45_S26_L002
11-X44_S23_L002,44%,380,50.7%,30.0X,27.7X,99.4%,old/supporting_info/Supplementary data.docx,FNM03_11-X44_S23_L002
10-X43_S20_L002,43%,386,74.9%,43.0X,37.5X,99.4%,old/supporting_info/Supplementary data.docx,FNM02_10-X43_S20_L002
9-X42_S17_L002,43%,377,74.0%,40.0X,35.7X,99.5%,old/supporting_info/Supplementary data.docx,FNM01_9-X42_S17_L002
8-WRG11_S24_L001,50%,97,18.8%,18.0X,24.5X,99.6%,old/supporting_info/Supplementary data.docx,WRG11_8-WRG11_S24_L001
7-WRG10_S19_L001,50%,91,41.8%,27.0X,34.6X,99.6%,old/supporting_info/Supplementary data.docx,WRG10_7-WRG10_S19_L001
5-X5_S119_L004,44%,406,14.2%,22.0X,21.1X,99.6%,old/supporting_info/Supplementary data.docx,FNM12_5-X5_S119_L004
6-WRG9_S15_L001,49%,97,54.5%,31.0X,38.7X,99.4%,old/supporting_info/Supplementary data.docx,WRG09_6-WRG9_S15_L001
5-WRG8_S10_L001,49%,101,21.4%,21.0X,24.6X,99.5%,old/supporting_info/Supplementary data.docx,WRG08_5-WRG8_S10_L001
3-WRG3_S39_L001,49%,99,24.4%,21.0X,26.9X,99.5%,old/supporting_info/Supplementary data.docx,WRG03_3-WRG3_S39_L001
2-WRG2_S33_L001,51%,80,7.9%,13.0X,17.6X,87.7%,old/supporting_info/Supplementary data.docx,WRG02_2-WRG2_S33_L001
1-WRG1_S28_L001,52%,78,14.4%,17.0X,22.2X,93.7%,old/supporting_info/Supplementary data.docx,WRG01_1-WRG1_S28_L001
4-WRG5_S4_L001,49%,93,18.8%,19.0X,24.1X,99.6%,old/supporting_info/Supplementary data.docx,WRG05_4-WRG5_S4_L001
DAG-BS-10_S10,44%,345,85.4%,55.0X,54.2X,99.4%,old/supporting_info/Supplementary data.docx,NY10_DAG-BS-10_S10
DAG-BS-11_S11,44%,311,83.0%,46.0X,44.9X,99.3%,old/supporting_info/Supplementary data.docx,NY11_DAG-BS-11_S11
DAG-BS-12_S12,44%,361,83.1%,54.0X,51.5X,99.5%,old/supporting_info/Supplementary data.docx,NY12_DAG-BS-12_S12
DAG-BS-13_S13,44%,334,82.2%,48.0X,45.3X,99.6%,old/supporting_info/Supplementary data.docx,NY13_DAG-BS-13_S13
DAG-BS-1_S1,45%,305,81.9%,41.0X,43.4X,95.5%,old/supporting_info/Supplementary data.docx,NY01_DAG-BS-1_S1
DAG-BS-2_S2,45%,335,64.2%,33.0X,34.3X,97.8%,old/supporting_info/Supplementary data.docx,NY02_DAG-BS-2_S2
DAG-BS-3_S3,44%,337,81.0%,46.0X,45.4X,99.5%,old/supporting_info/Supplementary data.docx,NY03_DAG-BS-3_S3
DAG-BS-4_S4,45%,345,82.1%,45.0X,46.4X,99.5%,old/supporting_info/Supplementary data.docx,NY04_DAG-BS-4_S4
DAG-BS-5_S5,45%,329,65.4%,34.0X,35.2X,99.6%,old/supporting_info/Supplementary data.docx,NY05_DAG-BS-5_S5
DAG-BS-6_S6,45%,350,83.3%,48.0X,48.2X,99.4%,old/supporting_info/Supplementary data.docx,NY06_DAG-BS-6_S6
DAG-BS-7_S7,44%,333,77.1%,41.0X,41.0X,99.3%,old/supporting_info/Supplementary data.docx,NY07_DAG-BS-7_S7
DAG-BS-8_S8,44%,275,85.9%,53.0X,53.6X,99.5%,old/supporting_info/Supplementary data.docx,NY08_DAG-BS-8_S8
DAG-BS-9_S9,44%,343,80.4%,44.0X,44.2X,99.1%,old/supporting_info/Supplementary data.docx,NY09_DAG-BS-9_S9
merged_X1,,,,,,,old/supporting_info/Supplementary data.docx,FNM08_merged_X1
merged_X11,44%,365,9.1%,19.0X,18.9X,99.5%,old/supporting_info/Supplementary data.docx,GRL01_merged_X11
merged_X12,44%,386,18.2%,22.0X,21.9X,99.5%,old/supporting_info/Supplementary data.docx,GRL02_merged_X12
merged_X13,44%,378,6.8%,18.0X,18.0X,99.3%,old/supporting_info/Supplementary data.docx,GRL03_merged_X13
merged_X14,43%,372,2.3%,14.0X,14.8X,99.7%,old/supporting_info/Supplementary data.docx,GRL04_merged_X14
merged_X15,44%,378,4.0%,16.0X,15.9X,99.4%,old/supporting_info/Supplementary data.docx,GRL05_merged_X15
merged_X16,44%,398,5.2%,18.0X,17.3X,99.4%,old/supporting_info/Supplementary data.docx,GRL06_merged_X16
merged_X17,44%,396,6.2%,17.0X,17.1X,99.3%,old/supporting_info/Supplementary data.docx,GRL07_merged_X17
merged_X18,44%,388,6.4%,18.0X,17.1X,99.4%,old/supporting_info/Supplementary data.docx,GRL08_merged_X18
merged_X19,43%,361,7.0%,19.0X,18.6X,99.6%,old/supporting_info/Supplementary data.docx,GRL09_merged_X19
merged_X2,,,,,,,old/supporting_info/Supplementary data.docx,FNM09_merged_X2
merged_X20,43%,374,6.1%,18.0X,18.1X,99.6%,old/supporting_info/Supplementary data.docx,GRL10_merged_X20
merged_X21,44%,366,6.8%,17.0X,18.0X,99.7%,old/supporting_info/Supplementary data.docx,SKW01_merged_X21
merged_X22,43%,369,1.4%,12.0X,12.6X,99.6%,old/supporting_info/Supplementary data.docx,SKW02_merged_X22
merged_X23,44%,393,1.2%,14.0X,13.3X,99.3%,old/supporting_info/Supplementary data.docx,SKW03_merged_X23
merged_X24,43%,356,9.9%,18.0X,19.0X,99.7%,old/supporting_info/Supplementary data.docx,SKW04_merged_X24
merged_X25,43%,291,13.0%,19.0X,20.0X,99.7%,old/supporting_info/Supplementary data.docx,SKW05_merged_X25
merged_X26,44%,355,9.5%,18.0X,19.4X,99.6%,old/supporting_info/Supplementary data.docx,SKW06_merged_X26
merged_X27,44%,344,7.7%,18.0X,18.6X,99.7%,old/supporting_info/Supplementary data.docx,SKW07_merged_X27
merged_X28,43%,366,8.1%,19.0X,18.9X,99.6%,old/supporting_info/Supplementary data.docx,SKW08_merged_X28
merged_X29,44%,376,6.4%,18.0X,18.0X,99.4%,old/supporting_info/Supplementary data.docx,SKW09_merged_X29
merged_X3,,,,,,,old/supporting_info/Supplementary data.docx,FNM10_merged_X3
merged_X30,43%,349,6.2%,15.0X,16.6X,99.7%,old/supporting_info/Supplementary data.docx,SKW10_merged_X30
merged_X31,43%,359,4.7%,16.0X,16.8X,99.7%,old/supporting_info/Supplementary data.docx,SKW11_merged_X31
merged_X32,43%,356,7.8%,17.0X,17.9X,99.7%,old/supporting_info/Supplementary data.docx,SKW12_merged_X32
merged_X33,44%,333,8.2%,17.0X,18.2X,99.7%,old/supporting_info/Supplementary data.docx,SKW13_merged_X33
merged_X34,43%,357,15.9%,20.0X,21.1X,99.7%,old/supporting_info/Supplementary data.docx,SKW14_merged_X34
merged_X35,45%,316,17.3%,19.0X,21.4X,99.7%,old/supporting_info/Supplementary data.docx,SKW15_merged_X35
merged_X36,43%,339,6.4%,16.0X,17.4X,99.7%,old/supporting_info/Supplementary data.docx,SKW16_merged_X36
merged_X37,44%,364,5.3%,14.0X,15.5X,99.7%,old/supporting_info/Supplementary data.docx,SKW17_merged_X37
merged_X4,44%,406,4.3%,18.0X,17.2X,99.5%,old/supporting_info/Supplementary data.docx,FNM11_merged_X4
merged_X6,44%,403,7.7%,19.0X,19.1X,99.5%,old/supporting_info/Supplementary data.docx,FNM13_merged_X6
merged_X8,43%,392,8.1%,20.0X,19.2X,99.6%,old/supporting_info/Supplementary data.docx,FNM15_merged_X8
