trimmed_sequencing_round_folder,trimmed_sequencing_round_number,trimmed_sequencing_date_inferred,trimmed_sample_file_id,trimmed_match_code,trimmed_read,trimmed_pair_status,trimmed_fastq_file
01_boessenkool-DNA4-2022-01-19,01,2022-01-19,10-X13_S99_L004,X13,R1,pair,01_boessenkool-DNA4-2022-01-19/10-X13_S99_L004_R1_001_trim_pair.fastq.gz
01_boessenkool-DNA4-2022-01-19,01,2022-01-19,10-X13_S99_L004,X13,R1,unpair,01_boessenkool-DNA4-2022-01-19/10-X13_S99_L004_R1_001_trim_unpair.fastq.gz
01_boessenkool-DNA4-2022-01-19,01,2022-01-19,10-X13_S99_L004,X13,R2,pair,01_boessenkool-DNA4-2022-01-19/10-X13_S99_L004_R2_001_trim_pair.fastq.gz
01_boessenkool-DNA4-2022-01-19,01,2022-01-19,10-X13_S99_L004,X13,R2,unpair,01_boessenkool-DNA4-2022-01-19/10-X13_S99_L004_R2_001_trim_unpair.fastq.gz
01_boessenkool-DNA4-2022-01-19,01,2022-01-19,11-X14_S106_L004,X14,R1,pair,01_boessenkool-DNA4-2022-01-19/11-X14_S106_L004_R1_001_trim_pair.fastq.gz
01_boessenkool-DNA4-2022-01-19,01,2022-01-19,11-X14_S106_L004,X14,R1,unpair,01_boessenkool-DNA4-2022-01-19/11-X14_S106_L004_R1_001_trim_unpair.fastq.gz
01_boessenkool-DNA4-2022-01-19,01,2022-01-19,11-X14_S106_L004,X14,R2,pair,01_boessenkool-DNA4-2022-01-19/11-X14_S106_L004_R2_001_trim_pair.fastq.gz
01_boessenkool-DNA4-2022-01-19,01,2022-01-19,11-X14_S106_L004,X14,R2,unpair,01_boessenkool-DNA4-2022-01-19/11-X14_S106_L004_R2_001_trim_unpair.fastq.gz
01_boessenkool-DNA4-2022-01-19,01,2022-01-19,12-X15_S113_L004,X15,R1,pair,01_boessenkool-DNA4-2022-01-19/12-X15_S113_L004_R1_001_trim_pair.fastq.gz
01_boessenkool-DNA4-2022-01-19,01,2022-01-19,12-X15_S113_L004,X15,R1,unpair,01_boessenkool-DNA4-2022-01-19/12-X15_S113_L004_R1_001_trim_unpair.fastq.gz
01_boessenkool-DNA4-2022-01-19,01,2022-01-19,12-X15_S113_L004,X15,R2,pair,01_boessenkool-DNA4-2022-01-19/12-X15_S113_L004_R2_001_trim_pair.fastq.gz
01_boessenkool-DNA4-2022-01-19,01,2022-01-19,12-X15_S113_L004,X15,R2,unpair,01_boessenkool-DNA4-2022-01-19/12-X15_S113_L004_R2_001_trim_unpair.fastq.gz
01_boessenkool-DNA4-2022-01-19,01,2022-01-19,13-X16_S120_L004,X16,R1,pair,01_boessenkool-DNA4-2022-01-19/13-X16_S120_L004_R1_001_trim_pair.fastq.gz
01_boessenkool-DNA4-2022-01-19,01,2022-01-19,13-X16_S120_L004,X16,R1,unpair,01_boessenkool-DNA4-2022-01-19/13-X16_S120_L004_R1_001_trim_unpair.fastq.gz
01_boessenkool-DNA4-2022-01-19,01,2022-01-19,13-X16_S120_L004,X16,R2,pair,01_boessenkool-DNA4-2022-01-19/13-X16_S120_L004_R2_001_trim_pair.fastq.gz
01_boessenkool-DNA4-2022-01-19,01,2022-01-19,13-X16_S120_L004,X16,R2,unpair,01_boessenkool-DNA4-2022-01-19/13-X16_S120_L004_R2_001_trim_unpair.fastq.gz
01_boessenkool-DNA4-2022-01-19,01,2022-01-19,14-X17_S126_L004,X17,R1,pair,01_boessenkool-DNA4-2022-01-19/14-X17_S126_L004_R1_001_trim_pair.fastq.gz
01_boessenkool-DNA4-2022-01-19,01,2022-01-19,14-X17_S126_L004,X17,R1,unpair,01_boessenkool-DNA4-2022-01-19/14-X17_S126_L004_R1_001_trim_unpair.fastq.gz
01_boessenkool-DNA4-2022-01-19,01,2022-01-19,14-X17_S126_L004,X17,R2,pair,01_boessenkool-DNA4-2022-01-19/14-X17_S126_L004_R2_001_trim_pair.fastq.gz
01_boessenkool-DNA4-2022-01-19,01,2022-01-19,14-X17_S126_L004,X17,R2,unpair,01_boessenkool-DNA4-2022-01-19/14-X17_S126_L004_R2_001_trim_unpair.fastq.gz
01_boessenkool-DNA4-2022-01-19,01,2022-01-19,15-X18_S131_L004,X18,R1,pair,01_boessenkool-DNA4-2022-01-19/15-X18_S131_L004_R1_001_trim_pair.fastq.gz
01_boessenkool-DNA4-2022-01-19,01,2022-01-19,15-X18_S131_L004,X18,R1,unpair,01_boessenkool-DNA4-2022-01-19/15-X18_S131_L004_R1_001_trim_unpair.fastq.gz
01_boessenkool-DNA4-2022-01-19,01,2022-01-19,15-X18_S131_L004,X18,R2,pair,01_boessenkool-DNA4-2022-01-19/15-X18_S131_L004_R2_001_trim_pair.fastq.gz
01_boessenkool-DNA4-2022-01-19,01,2022-01-19,15-X18_S131_L004,X18,R2,unpair,01_boessenkool-DNA4-2022-01-19/15-X18_S131_L004_R2_001_trim_unpair.fastq.gz
01_boessenkool-DNA4-2022-01-19,01,2022-01-19,16-X19_S136_L004,X19,R1,pair,01_boessenkool-DNA4-2022-01-19/16-X19_S136_L004_R1_001_trim_pair.fastq.gz
01_boessenkool-DNA4-2022-01-19,01,2022-01-19,16-X19_S136_L004,X19,R1,unpair,01_boessenkool-DNA4-2022-01-19/16-X19_S136_L004_R1_001_trim_unpair.fastq.gz
01_boessenkool-DNA4-2022-01-19,01,2022-01-19,16-X19_S136_L004,X19,R2,pair,01_boessenkool-DNA4-2022-01-19/16-X19_S136_L004_R2_001_trim_pair.fastq.gz
01_boessenkool-DNA4-2022-01-19,01,2022-01-19,16-X19_S136_L004,X19,R2,unpair,01_boessenkool-DNA4-2022-01-19/16-X19_S136_L004_R2_001_trim_unpair.fastq.gz
01_boessenkool-DNA4-2022-01-19,01,2022-01-19,17-X20_S142_L004,X20,R1,pair,01_boessenkool-DNA4-2022-01-19/17-X20_S142_L004_R1_001_trim_pair.fastq.gz
01_boessenkool-DNA4-2022-01-19,01,2022-01-19,17-X20_S142_L004,X20,R1,unpair,01_boessenkool-DNA4-2022-01-19/17-X20_S142_L004_R1_001_trim_unpair.fastq.gz
01_boessenkool-DNA4-2022-01-19,01,2022-01-19,17-X20_S142_L004,X20,R2,pair,01_boessenkool-DNA4-2022-01-19/17-X20_S142_L004_R2_001_trim_pair.fastq.gz
01_boessenkool-DNA4-2022-01-19,01,2022-01-19,17-X20_S142_L004,X20,R2,unpair,01_boessenkool-DNA4-2022-01-19/17-X20_S142_L004_R2_001_trim_unpair.fastq.gz
01_boessenkool-DNA4-2022-01-19,01,2022-01-19,18-X21_S100_L004,X21,R1,pair,01_boessenkool-DNA4-2022-01-19/18-X21_S100_L004_R1_001_trim_pair.fastq.gz
01_boessenkool-DNA4-2022-01-19,01,2022-01-19,18-X21_S100_L004,X21,R1,unpair,01_boessenkool-DNA4-2022-01-19/18-X21_S100_L004_R1_001_trim_unpair.fastq.gz
01_boessenkool-DNA4-2022-01-19,01,2022-01-19,18-X21_S100_L004,X21,R2,pair,01_boessenkool-DNA4-2022-01-19/18-X21_S100_L004_R2_001_trim_pair.fastq.gz
01_boessenkool-DNA4-2022-01-19,01,2022-01-19,18-X21_S100_L004,X21,R2,unpair,01_boessenkool-DNA4-2022-01-19/18-X21_S100_L004_R2_001_trim_unpair.fastq.gz
01_boessenkool-DNA4-2022-01-19,01,2022-01-19,19-X22_S107_L004,X22,R1,pair,01_boessenkool-DNA4-2022-01-19/19-X22_S107_L004_R1_001_trim_pair.fastq.gz
01_boessenkool-DNA4-2022-01-19,01,2022-01-19,19-X22_S107_L004,X22,R1,unpair,01_boessenkool-DNA4-2022-01-19/19-X22_S107_L004_R1_001_trim_unpair.fastq.gz
01_boessenkool-DNA4-2022-01-19,01,2022-01-19,19-X22_S107_L004,X22,R2,pair,01_boessenkool-DNA4-2022-01-19/19-X22_S107_L004_R2_001_trim_pair.fastq.gz
01_boessenkool-DNA4-2022-01-19,01,2022-01-19,19-X22_S107_L004,X22,R2,unpair,01_boessenkool-DNA4-2022-01-19/19-X22_S107_L004_R2_001_trim_unpair.fastq.gz
01_boessenkool-DNA4-2022-01-19,01,2022-01-19,1-X1_S140_L004,X1,R1,pair,01_boessenkool-DNA4-2022-01-19/1-X1_S140_L004_R1_001_trim_pair.fastq.gz
01_boessenkool-DNA4-2022-01-19,01,2022-01-19,1-X1_S140_L004,X1,R1,unpair,01_boessenkool-DNA4-2022-01-19/1-X1_S140_L004_R1_001_trim_unpair.fastq.gz
01_boessenkool-DNA4-2022-01-19,01,2022-01-19,1-X1_S140_L004,X1,R2,pair,01_boessenkool-DNA4-2022-01-19/1-X1_S140_L004_R2_001_trim_pair.fastq.gz
01_boessenkool-DNA4-2022-01-19,01,2022-01-19,1-X1_S140_L004,X1,R2,unpair,01_boessenkool-DNA4-2022-01-19/1-X1_S140_L004_R2_001_trim_unpair.fastq.gz
01_boessenkool-DNA4-2022-01-19,01,2022-01-19,20-X23_S114_L004,X23,R1,pair,01_boessenkool-DNA4-2022-01-19/20-X23_S114_L004_R1_001_trim_pair.fastq.gz
01_boessenkool-DNA4-2022-01-19,01,2022-01-19,20-X23_S114_L004,X23,R1,unpair,01_boessenkool-DNA4-2022-01-19/20-X23_S114_L004_R1_001_trim_unpair.fastq.gz
01_boessenkool-DNA4-2022-01-19,01,2022-01-19,20-X23_S114_L004,X23,R2,pair,01_boessenkool-DNA4-2022-01-19/20-X23_S114_L004_R2_001_trim_pair.fastq.gz
01_boessenkool-DNA4-2022-01-19,01,2022-01-19,20-X23_S114_L004,X23,R2,unpair,01_boessenkool-DNA4-2022-01-19/20-X23_S114_L004_R2_001_trim_unpair.fastq.gz
01_boessenkool-DNA4-2022-01-19,01,2022-01-19,21-X24_S121_L004,X24,R1,pair,01_boessenkool-DNA4-2022-01-19/21-X24_S121_L004_R1_001_trim_pair.fastq.gz
01_boessenkool-DNA4-2022-01-19,01,2022-01-19,21-X24_S121_L004,X24,R1,unpair,01_boessenkool-DNA4-2022-01-19/21-X24_S121_L004_R1_001_trim_unpair.fastq.gz
01_boessenkool-DNA4-2022-01-19,01,2022-01-19,21-X24_S121_L004,X24,R2,pair,01_boessenkool-DNA4-2022-01-19/21-X24_S121_L004_R2_001_trim_pair.fastq.gz
01_boessenkool-DNA4-2022-01-19,01,2022-01-19,21-X24_S121_L004,X24,R2,unpair,01_boessenkool-DNA4-2022-01-19/21-X24_S121_L004_R2_001_trim_unpair.fastq.gz
01_boessenkool-DNA4-2022-01-19,01,2022-01-19,22-X25_S127_L004,X25,R1,pair,01_boessenkool-DNA4-2022-01-19/22-X25_S127_L004_R1_001_trim_pair.fastq.gz
01_boessenkool-DNA4-2022-01-19,01,2022-01-19,22-X25_S127_L004,X25,R1,unpair,01_boessenkool-DNA4-2022-01-19/22-X25_S127_L004_R1_001_trim_unpair.fastq.gz
01_boessenkool-DNA4-2022-01-19,01,2022-01-19,22-X25_S127_L004,X25,R2,pair,01_boessenkool-DNA4-2022-01-19/22-X25_S127_L004_R2_001_trim_pair.fastq.gz
01_boessenkool-DNA4-2022-01-19,01,2022-01-19,22-X25_S127_L004,X25,R2,unpair,01_boessenkool-DNA4-2022-01-19/22-X25_S127_L004_R2_001_trim_unpair.fastq.gz
01_boessenkool-DNA4-2022-01-19,01,2022-01-19,23-X26_S132_L004,X26,R1,pair,01_boessenkool-DNA4-2022-01-19/23-X26_S132_L004_R1_001_trim_pair.fastq.gz
01_boessenkool-DNA4-2022-01-19,01,2022-01-19,23-X26_S132_L004,X26,R1,unpair,01_boessenkool-DNA4-2022-01-19/23-X26_S132_L004_R1_001_trim_unpair.fastq.gz
01_boessenkool-DNA4-2022-01-19,01,2022-01-19,23-X26_S132_L004,X26,R2,pair,01_boessenkool-DNA4-2022-01-19/23-X26_S132_L004_R2_001_trim_pair.fastq.gz
01_boessenkool-DNA4-2022-01-19,01,2022-01-19,23-X26_S132_L004,X26,R2,unpair,01_boessenkool-DNA4-2022-01-19/23-X26_S132_L004_R2_001_trim_unpair.fastq.gz
01_boessenkool-DNA4-2022-01-19,01,2022-01-19,24-X27_S137_L004,X27,R1,pair,01_boessenkool-DNA4-2022-01-19/24-X27_S137_L004_R1_001_trim_pair.fastq.gz
01_boessenkool-DNA4-2022-01-19,01,2022-01-19,24-X27_S137_L004,X27,R1,unpair,01_boessenkool-DNA4-2022-01-19/24-X27_S137_L004_R1_001_trim_unpair.fastq.gz
01_boessenkool-DNA4-2022-01-19,01,2022-01-19,24-X27_S137_L004,X27,R2,pair,01_boessenkool-DNA4-2022-01-19/24-X27_S137_L004_R2_001_trim_pair.fastq.gz
01_boessenkool-DNA4-2022-01-19,01,2022-01-19,24-X27_S137_L004,X27,R2,unpair,01_boessenkool-DNA4-2022-01-19/24-X27_S137_L004_R2_001_trim_unpair.fastq.gz
01_boessenkool-DNA4-2022-01-19,01,2022-01-19,25-X28_S143_L004,X28,R1,pair,01_boessenkool-DNA4-2022-01-19/25-X28_S143_L004_R1_001_trim_pair.fastq.gz
01_boessenkool-DNA4-2022-01-19,01,2022-01-19,25-X28_S143_L004,X28,R1,unpair,01_boessenkool-DNA4-2022-01-19/25-X28_S143_L004_R1_001_trim_unpair.fastq.gz
01_boessenkool-DNA4-2022-01-19,01,2022-01-19,25-X28_S143_L004,X28,R2,pair,01_boessenkool-DNA4-2022-01-19/25-X28_S143_L004_R2_001_trim_pair.fastq.gz
01_boessenkool-DNA4-2022-01-19,01,2022-01-19,25-X28_S143_L004,X28,R2,unpair,01_boessenkool-DNA4-2022-01-19/25-X28_S143_L004_R2_001_trim_unpair.fastq.gz
01_boessenkool-DNA4-2022-01-19,01,2022-01-19,26-X29_S101_L004,X29,R1,pair,01_boessenkool-DNA4-2022-01-19/26-X29_S101_L004_R1_001_trim_pair.fastq.gz
01_boessenkool-DNA4-2022-01-19,01,2022-01-19,26-X29_S101_L004,X29,R1,unpair,01_boessenkool-DNA4-2022-01-19/26-X29_S101_L004_R1_001_trim_unpair.fastq.gz
01_boessenkool-DNA4-2022-01-19,01,2022-01-19,26-X29_S101_L004,X29,R2,pair,01_boessenkool-DNA4-2022-01-19/26-X29_S101_L004_R2_001_trim_pair.fastq.gz
01_boessenkool-DNA4-2022-01-19,01,2022-01-19,26-X29_S101_L004,X29,R2,unpair,01_boessenkool-DNA4-2022-01-19/26-X29_S101_L004_R2_001_trim_unpair.fastq.gz
01_boessenkool-DNA4-2022-01-19,01,2022-01-19,27-X30_S108_L004,X30,R1,pair,01_boessenkool-DNA4-2022-01-19/27-X30_S108_L004_R1_001_trim_pair.fastq.gz
01_boessenkool-DNA4-2022-01-19,01,2022-01-19,27-X30_S108_L004,X30,R1,unpair,01_boessenkool-DNA4-2022-01-19/27-X30_S108_L004_R1_001_trim_unpair.fastq.gz
01_boessenkool-DNA4-2022-01-19,01,2022-01-19,27-X30_S108_L004,X30,R2,pair,01_boessenkool-DNA4-2022-01-19/27-X30_S108_L004_R2_001_trim_pair.fastq.gz
01_boessenkool-DNA4-2022-01-19,01,2022-01-19,27-X30_S108_L004,X30,R2,unpair,01_boessenkool-DNA4-2022-01-19/27-X30_S108_L004_R2_001_trim_unpair.fastq.gz
01_boessenkool-DNA4-2022-01-19,01,2022-01-19,28-X31_S115_L004,X31,R1,pair,01_boessenkool-DNA4-2022-01-19/28-X31_S115_L004_R1_001_trim_pair.fastq.gz
01_boessenkool-DNA4-2022-01-19,01,2022-01-19,28-X31_S115_L004,X31,R1,unpair,01_boessenkool-DNA4-2022-01-19/28-X31_S115_L004_R1_001_trim_unpair.fastq.gz
01_boessenkool-DNA4-2022-01-19,01,2022-01-19,28-X31_S115_L004,X31,R2,pair,01_boessenkool-DNA4-2022-01-19/28-X31_S115_L004_R2_001_trim_pair.fastq.gz
01_boessenkool-DNA4-2022-01-19,01,2022-01-19,28-X31_S115_L004,X31,R2,unpair,01_boessenkool-DNA4-2022-01-19/28-X31_S115_L004_R2_001_trim_unpair.fastq.gz
01_boessenkool-DNA4-2022-01-19,01,2022-01-19,29-X32_S122_L004,X32,R1,pair,01_boessenkool-DNA4-2022-01-19/29-X32_S122_L004_R1_001_trim_pair.fastq.gz
01_boessenkool-DNA4-2022-01-19,01,2022-01-19,29-X32_S122_L004,X32,R1,unpair,01_boessenkool-DNA4-2022-01-19/29-X32_S122_L004_R1_001_trim_unpair.fastq.gz
01_boessenkool-DNA4-2022-01-19,01,2022-01-19,29-X32_S122_L004,X32,R2,pair,01_boessenkool-DNA4-2022-01-19/29-X32_S122_L004_R2_001_trim_pair.fastq.gz
01_boessenkool-DNA4-2022-01-19,01,2022-01-19,29-X32_S122_L004,X32,R2,unpair,01_boessenkool-DNA4-2022-01-19/29-X32_S122_L004_R2_001_trim_unpair.fastq.gz
01_boessenkool-DNA4-2022-01-19,01,2022-01-19,2-X2_S98_L004,X2,R1,pair,01_boessenkool-DNA4-2022-01-19/2-X2_S98_L004_R1_001_trim_pair.fastq.gz
01_boessenkool-DNA4-2022-01-19,01,2022-01-19,2-X2_S98_L004,X2,R1,unpair,01_boessenkool-DNA4-2022-01-19/2-X2_S98_L004_R1_001_trim_unpair.fastq.gz
01_boessenkool-DNA4-2022-01-19,01,2022-01-19,2-X2_S98_L004,X2,R2,pair,01_boessenkool-DNA4-2022-01-19/2-X2_S98_L004_R2_001_trim_pair.fastq.gz
01_boessenkool-DNA4-2022-01-19,01,2022-01-19,2-X2_S98_L004,X2,R2,unpair,01_boessenkool-DNA4-2022-01-19/2-X2_S98_L004_R2_001_trim_unpair.fastq.gz
01_boessenkool-DNA4-2022-01-19,01,2022-01-19,30-X33_S128_L004,X33,R1,pair,01_boessenkool-DNA4-2022-01-19/30-X33_S128_L004_R1_001_trim_pair.fastq.gz
01_boessenkool-DNA4-2022-01-19,01,2022-01-19,30-X33_S128_L004,X33,R1,unpair,01_boessenkool-DNA4-2022-01-19/30-X33_S128_L004_R1_001_trim_unpair.fastq.gz
01_boessenkool-DNA4-2022-01-19,01,2022-01-19,30-X33_S128_L004,X33,R2,pair,01_boessenkool-DNA4-2022-01-19/30-X33_S128_L004_R2_001_trim_pair.fastq.gz
01_boessenkool-DNA4-2022-01-19,01,2022-01-19,30-X33_S128_L004,X33,R2,unpair,01_boessenkool-DNA4-2022-01-19/30-X33_S128_L004_R2_001_trim_unpair.fastq.gz
01_boessenkool-DNA4-2022-01-19,01,2022-01-19,31-X34_S133_L004,X34,R1,pair,01_boessenkool-DNA4-2022-01-19/31-X34_S133_L004_R1_001_trim_pair.fastq.gz
01_boessenkool-DNA4-2022-01-19,01,2022-01-19,31-X34_S133_L004,X34,R1,unpair,01_boessenkool-DNA4-2022-01-19/31-X34_S133_L004_R1_001_trim_unpair.fastq.gz
01_boessenkool-DNA4-2022-01-19,01,2022-01-19,31-X34_S133_L004,X34,R2,pair,01_boessenkool-DNA4-2022-01-19/31-X34_S133_L004_R2_001_trim_pair.fastq.gz
01_boessenkool-DNA4-2022-01-19,01,2022-01-19,31-X34_S133_L004,X34,R2,unpair,01_boessenkool-DNA4-2022-01-19/31-X34_S133_L004_R2_001_trim_unpair.fastq.gz
01_boessenkool-DNA4-2022-01-19,01,2022-01-19,32-X35_S138_L004,X35,R1,pair,01_boessenkool-DNA4-2022-01-19/32-X35_S138_L004_R1_001_trim_pair.fastq.gz
01_boessenkool-DNA4-2022-01-19,01,2022-01-19,32-X35_S138_L004,X35,R1,unpair,01_boessenkool-DNA4-2022-01-19/32-X35_S138_L004_R1_001_trim_unpair.fastq.gz
01_boessenkool-DNA4-2022-01-19,01,2022-01-19,32-X35_S138_L004,X35,R2,pair,01_boessenkool-DNA4-2022-01-19/32-X35_S138_L004_R2_001_trim_pair.fastq.gz
01_boessenkool-DNA4-2022-01-19,01,2022-01-19,32-X35_S138_L004,X35,R2,unpair,01_boessenkool-DNA4-2022-01-19/32-X35_S138_L004_R2_001_trim_unpair.fastq.gz
01_boessenkool-DNA4-2022-01-19,01,2022-01-19,33-X36_S144_L004,X36,R1,pair,01_boessenkool-DNA4-2022-01-19/33-X36_S144_L004_R1_001_trim_pair.fastq.gz
01_boessenkool-DNA4-2022-01-19,01,2022-01-19,33-X36_S144_L004,X36,R1,unpair,01_boessenkool-DNA4-2022-01-19/33-X36_S144_L004_R1_001_trim_unpair.fastq.gz
01_boessenkool-DNA4-2022-01-19,01,2022-01-19,33-X36_S144_L004,X36,R2,pair,01_boessenkool-DNA4-2022-01-19/33-X36_S144_L004_R2_001_trim_pair.fastq.gz
01_boessenkool-DNA4-2022-01-19,01,2022-01-19,33-X36_S144_L004,X36,R2,unpair,01_boessenkool-DNA4-2022-01-19/33-X36_S144_L004_R2_001_trim_unpair.fastq.gz
01_boessenkool-DNA4-2022-01-19,01,2022-01-19,34-X37_S102_L004,X37,R1,pair,01_boessenkool-DNA4-2022-01-19/34-X37_S102_L004_R1_001_trim_pair.fastq.gz
01_boessenkool-DNA4-2022-01-19,01,2022-01-19,34-X37_S102_L004,X37,R1,unpair,01_boessenkool-DNA4-2022-01-19/34-X37_S102_L004_R1_001_trim_unpair.fastq.gz
01_boessenkool-DNA4-2022-01-19,01,2022-01-19,34-X37_S102_L004,X37,R2,pair,01_boessenkool-DNA4-2022-01-19/34-X37_S102_L004_R2_001_trim_pair.fastq.gz
01_boessenkool-DNA4-2022-01-19,01,2022-01-19,34-X37_S102_L004,X37,R2,unpair,01_boessenkool-DNA4-2022-01-19/34-X37_S102_L004_R2_001_trim_unpair.fastq.gz
01_boessenkool-DNA4-2022-01-19,01,2022-01-19,3-X3_S105_L004,X3,R1,pair,01_boessenkool-DNA4-2022-01-19/3-X3_S105_L004_R1_001_trim_pair.fastq.gz
01_boessenkool-DNA4-2022-01-19,01,2022-01-19,3-X3_S105_L004,X3,R1,unpair,01_boessenkool-DNA4-2022-01-19/3-X3_S105_L004_R1_001_trim_unpair.fastq.gz
01_boessenkool-DNA4-2022-01-19,01,2022-01-19,3-X3_S105_L004,X3,R2,pair,01_boessenkool-DNA4-2022-01-19/3-X3_S105_L004_R2_001_trim_pair.fastq.gz
01_boessenkool-DNA4-2022-01-19,01,2022-01-19,3-X3_S105_L004,X3,R2,unpair,01_boessenkool-DNA4-2022-01-19/3-X3_S105_L004_R2_001_trim_unpair.fastq.gz
01_boessenkool-DNA4-2022-01-19,01,2022-01-19,4-X4_S112_L004,X4,R1,pair,01_boessenkool-DNA4-2022-01-19/4-X4_S112_L004_R1_001_trim_pair.fastq.gz
01_boessenkool-DNA4-2022-01-19,01,2022-01-19,4-X4_S112_L004,X4,R1,unpair,01_boessenkool-DNA4-2022-01-19/4-X4_S112_L004_R1_001_trim_unpair.fastq.gz
01_boessenkool-DNA4-2022-01-19,01,2022-01-19,4-X4_S112_L004,X4,R2,pair,01_boessenkool-DNA4-2022-01-19/4-X4_S112_L004_R2_001_trim_pair.fastq.gz
01_boessenkool-DNA4-2022-01-19,01,2022-01-19,4-X4_S112_L004,X4,R2,unpair,01_boessenkool-DNA4-2022-01-19/4-X4_S112_L004_R2_001_trim_unpair.fastq.gz
01_boessenkool-DNA4-2022-01-19,01,2022-01-19,5-X5_S119_L004,X5,R1,pair,01_boessenkool-DNA4-2022-01-19/5-X5_S119_L004_R1_001_trim_pair.fastq.gz
01_boessenkool-DNA4-2022-01-19,01,2022-01-19,5-X5_S119_L004,X5,R1,unpair,01_boessenkool-DNA4-2022-01-19/5-X5_S119_L004_R1_001_trim_unpair.fastq.gz
01_boessenkool-DNA4-2022-01-19,01,2022-01-19,5-X5_S119_L004,X5,R2,pair,01_boessenkool-DNA4-2022-01-19/5-X5_S119_L004_R2_001_trim_pair.fastq.gz
01_boessenkool-DNA4-2022-01-19,01,2022-01-19,5-X5_S119_L004,X5,R2,unpair,01_boessenkool-DNA4-2022-01-19/5-X5_S119_L004_R2_001_trim_unpair.fastq.gz
01_boessenkool-DNA4-2022-01-19,01,2022-01-19,6-X6_S125_L004,X6,R1,pair,01_boessenkool-DNA4-2022-01-19/6-X6_S125_L004_R1_001_trim_pair.fastq.gz
01_boessenkool-DNA4-2022-01-19,01,2022-01-19,6-X6_S125_L004,X6,R1,unpair,01_boessenkool-DNA4-2022-01-19/6-X6_S125_L004_R1_001_trim_unpair.fastq.gz
01_boessenkool-DNA4-2022-01-19,01,2022-01-19,6-X6_S125_L004,X6,R2,pair,01_boessenkool-DNA4-2022-01-19/6-X6_S125_L004_R2_001_trim_pair.fastq.gz
01_boessenkool-DNA4-2022-01-19,01,2022-01-19,6-X6_S125_L004,X6,R2,unpair,01_boessenkool-DNA4-2022-01-19/6-X6_S125_L004_R2_001_trim_unpair.fastq.gz
01_boessenkool-DNA4-2022-01-19,01,2022-01-19,7-X8_S130_L004,X8,R1,pair,01_boessenkool-DNA4-2022-01-19/7-X8_S130_L004_R1_001_trim_pair.fastq.gz
01_boessenkool-DNA4-2022-01-19,01,2022-01-19,7-X8_S130_L004,X8,R1,unpair,01_boessenkool-DNA4-2022-01-19/7-X8_S130_L004_R1_001_trim_unpair.fastq.gz
01_boessenkool-DNA4-2022-01-19,01,2022-01-19,7-X8_S130_L004,X8,R2,pair,01_boessenkool-DNA4-2022-01-19/7-X8_S130_L004_R2_001_trim_pair.fastq.gz
01_boessenkool-DNA4-2022-01-19,01,2022-01-19,7-X8_S130_L004,X8,R2,unpair,01_boessenkool-DNA4-2022-01-19/7-X8_S130_L004_R2_001_trim_unpair.fastq.gz
01_boessenkool-DNA4-2022-01-19,01,2022-01-19,8-X11_S135_L004,X11,R1,pair,01_boessenkool-DNA4-2022-01-19/8-X11_S135_L004_R1_001_trim_pair.fastq.gz
01_boessenkool-DNA4-2022-01-19,01,2022-01-19,8-X11_S135_L004,X11,R1,unpair,01_boessenkool-DNA4-2022-01-19/8-X11_S135_L004_R1_001_trim_unpair.fastq.gz
01_boessenkool-DNA4-2022-01-19,01,2022-01-19,8-X11_S135_L004,X11,R2,pair,01_boessenkool-DNA4-2022-01-19/8-X11_S135_L004_R2_001_trim_pair.fastq.gz
01_boessenkool-DNA4-2022-01-19,01,2022-01-19,8-X11_S135_L004,X11,R2,unpair,01_boessenkool-DNA4-2022-01-19/8-X11_S135_L004_R2_001_trim_unpair.fastq.gz
01_boessenkool-DNA4-2022-01-19,01,2022-01-19,9-X12_S141_L004,X12,R1,pair,01_boessenkool-DNA4-2022-01-19/9-X12_S141_L004_R1_001_trim_pair.fastq.gz
01_boessenkool-DNA4-2022-01-19,01,2022-01-19,9-X12_S141_L004,X12,R1,unpair,01_boessenkool-DNA4-2022-01-19/9-X12_S141_L004_R1_001_trim_unpair.fastq.gz
01_boessenkool-DNA4-2022-01-19,01,2022-01-19,9-X12_S141_L004,X12,R2,pair,01_boessenkool-DNA4-2022-01-19/9-X12_S141_L004_R2_001_trim_pair.fastq.gz
01_boessenkool-DNA4-2022-01-19,01,2022-01-19,9-X12_S141_L004,X12,R2,unpair,01_boessenkool-DNA4-2022-01-19/9-X12_S141_L004_R2_001_trim_unpair.fastq.gz
02_Boessenkool-DNA5-2022-05-31,02,2022-05-31,10-X43_S20_L002,X43,R1,pair,02_Boessenkool-DNA5-2022-05-31/10-X43_S20_L002_R1_001_trim_pair.fastq.gz
02_Boessenkool-DNA5-2022-05-31,02,2022-05-31,10-X43_S20_L002,X43,R1,unpair,02_Boessenkool-DNA5-2022-05-31/10-X43_S20_L002_R1_001_trim_unpair.fastq.gz
02_Boessenkool-DNA5-2022-05-31,02,2022-05-31,10-X43_S20_L002,X43,R2,pair,02_Boessenkool-DNA5-2022-05-31/10-X43_S20_L002_R2_001_trim_pair.fastq.gz
02_Boessenkool-DNA5-2022-05-31,02,2022-05-31,10-X43_S20_L002,X43,R2,unpair,02_Boessenkool-DNA5-2022-05-31/10-X43_S20_L002_R2_001_trim_unpair.fastq.gz
02_Boessenkool-DNA5-2022-05-31,02,2022-05-31,11-X44_S23_L002,X44,R1,pair,02_Boessenkool-DNA5-2022-05-31/11-X44_S23_L002_R1_001_trim_pair.fastq.gz
02_Boessenkool-DNA5-2022-05-31,02,2022-05-31,11-X44_S23_L002,X44,R1,unpair,02_Boessenkool-DNA5-2022-05-31/11-X44_S23_L002_R1_001_trim_unpair.fastq.gz
02_Boessenkool-DNA5-2022-05-31,02,2022-05-31,11-X44_S23_L002,X44,R2,pair,02_Boessenkool-DNA5-2022-05-31/11-X44_S23_L002_R2_001_trim_pair.fastq.gz
02_Boessenkool-DNA5-2022-05-31,02,2022-05-31,11-X44_S23_L002,X44,R2,unpair,02_Boessenkool-DNA5-2022-05-31/11-X44_S23_L002_R2_001_trim_unpair.fastq.gz
02_Boessenkool-DNA5-2022-05-31,02,2022-05-31,12-X45_S26_L002,X45,R1,pair,02_Boessenkool-DNA5-2022-05-31/12-X45_S26_L002_R1_001_trim_pair.fastq.gz
02_Boessenkool-DNA5-2022-05-31,02,2022-05-31,12-X45_S26_L002,X45,R1,unpair,02_Boessenkool-DNA5-2022-05-31/12-X45_S26_L002_R1_001_trim_unpair.fastq.gz
02_Boessenkool-DNA5-2022-05-31,02,2022-05-31,12-X45_S26_L002,X45,R2,pair,02_Boessenkool-DNA5-2022-05-31/12-X45_S26_L002_R2_001_trim_pair.fastq.gz
02_Boessenkool-DNA5-2022-05-31,02,2022-05-31,12-X45_S26_L002,X45,R2,unpair,02_Boessenkool-DNA5-2022-05-31/12-X45_S26_L002_R2_001_trim_unpair.fastq.gz
02_Boessenkool-DNA5-2022-05-31,02,2022-05-31,13-X46_S29_L002,X46,R1,pair,02_Boessenkool-DNA5-2022-05-31/13-X46_S29_L002_R1_001_trim_pair.fastq.gz
02_Boessenkool-DNA5-2022-05-31,02,2022-05-31,13-X46_S29_L002,X46,R1,unpair,02_Boessenkool-DNA5-2022-05-31/13-X46_S29_L002_R1_001_trim_unpair.fastq.gz
02_Boessenkool-DNA5-2022-05-31,02,2022-05-31,13-X46_S29_L002,X46,R2,pair,02_Boessenkool-DNA5-2022-05-31/13-X46_S29_L002_R2_001_trim_pair.fastq.gz
02_Boessenkool-DNA5-2022-05-31,02,2022-05-31,13-X46_S29_L002,X46,R2,unpair,02_Boessenkool-DNA5-2022-05-31/13-X46_S29_L002_R2_001_trim_unpair.fastq.gz
02_Boessenkool-DNA5-2022-05-31,02,2022-05-31,14-X47_S32_L002,X47,R1,pair,02_Boessenkool-DNA5-2022-05-31/14-X47_S32_L002_R1_001_trim_pair.fastq.gz
02_Boessenkool-DNA5-2022-05-31,02,2022-05-31,14-X47_S32_L002,X47,R1,unpair,02_Boessenkool-DNA5-2022-05-31/14-X47_S32_L002_R1_001_trim_unpair.fastq.gz
02_Boessenkool-DNA5-2022-05-31,02,2022-05-31,14-X47_S32_L002,X47,R2,pair,02_Boessenkool-DNA5-2022-05-31/14-X47_S32_L002_R2_001_trim_pair.fastq.gz
02_Boessenkool-DNA5-2022-05-31,02,2022-05-31,14-X47_S32_L002,X47,R2,unpair,02_Boessenkool-DNA5-2022-05-31/14-X47_S32_L002_R2_001_trim_unpair.fastq.gz
02_Boessenkool-DNA5-2022-05-31,02,2022-05-31,15-X48_S35_L002,X48,R1,pair,02_Boessenkool-DNA5-2022-05-31/15-X48_S35_L002_R1_001_trim_pair.fastq.gz
02_Boessenkool-DNA5-2022-05-31,02,2022-05-31,15-X48_S35_L002,X48,R1,unpair,02_Boessenkool-DNA5-2022-05-31/15-X48_S35_L002_R1_001_trim_unpair.fastq.gz
02_Boessenkool-DNA5-2022-05-31,02,2022-05-31,15-X48_S35_L002,X48,R2,pair,02_Boessenkool-DNA5-2022-05-31/15-X48_S35_L002_R2_001_trim_pair.fastq.gz
02_Boessenkool-DNA5-2022-05-31,02,2022-05-31,15-X48_S35_L002,X48,R2,unpair,02_Boessenkool-DNA5-2022-05-31/15-X48_S35_L002_R2_001_trim_unpair.fastq.gz
02_Boessenkool-DNA5-2022-05-31,02,2022-05-31,16-X49_S37_L002,X49,R1,pair,02_Boessenkool-DNA5-2022-05-31/16-X49_S37_L002_R1_001_trim_pair.fastq.gz
02_Boessenkool-DNA5-2022-05-31,02,2022-05-31,16-X49_S37_L002,X49,R1,unpair,02_Boessenkool-DNA5-2022-05-31/16-X49_S37_L002_R1_001_trim_unpair.fastq.gz
02_Boessenkool-DNA5-2022-05-31,02,2022-05-31,16-X49_S37_L002,X49,R2,pair,02_Boessenkool-DNA5-2022-05-31/16-X49_S37_L002_R2_001_trim_pair.fastq.gz
02_Boessenkool-DNA5-2022-05-31,02,2022-05-31,16-X49_S37_L002,X49,R2,unpair,02_Boessenkool-DNA5-2022-05-31/16-X49_S37_L002_R2_001_trim_unpair.fastq.gz
02_Boessenkool-DNA5-2022-05-31,02,2022-05-31,17-X50_S18_L002,X50,R1,pair,02_Boessenkool-DNA5-2022-05-31/17-X50_S18_L002_R1_001_trim_pair.fastq.gz
02_Boessenkool-DNA5-2022-05-31,02,2022-05-31,17-X50_S18_L002,X50,R1,unpair,02_Boessenkool-DNA5-2022-05-31/17-X50_S18_L002_R1_001_trim_unpair.fastq.gz
02_Boessenkool-DNA5-2022-05-31,02,2022-05-31,17-X50_S18_L002,X50,R2,pair,02_Boessenkool-DNA5-2022-05-31/17-X50_S18_L002_R2_001_trim_pair.fastq.gz
02_Boessenkool-DNA5-2022-05-31,02,2022-05-31,17-X50_S18_L002,X50,R2,unpair,02_Boessenkool-DNA5-2022-05-31/17-X50_S18_L002_R2_001_trim_unpair.fastq.gz
02_Boessenkool-DNA5-2022-05-31,02,2022-05-31,18-X51_S21_L002,X51,R1,pair,02_Boessenkool-DNA5-2022-05-31/18-X51_S21_L002_R1_001_trim_pair.fastq.gz
02_Boessenkool-DNA5-2022-05-31,02,2022-05-31,18-X51_S21_L002,X51,R1,unpair,02_Boessenkool-DNA5-2022-05-31/18-X51_S21_L002_R1_001_trim_unpair.fastq.gz
02_Boessenkool-DNA5-2022-05-31,02,2022-05-31,18-X51_S21_L002,X51,R2,pair,02_Boessenkool-DNA5-2022-05-31/18-X51_S21_L002_R2_001_trim_pair.fastq.gz
02_Boessenkool-DNA5-2022-05-31,02,2022-05-31,18-X51_S21_L002,X51,R2,unpair,02_Boessenkool-DNA5-2022-05-31/18-X51_S21_L002_R2_001_trim_unpair.fastq.gz
02_Boessenkool-DNA5-2022-05-31,02,2022-05-31,19-X52_S24_L002,X52,R1,pair,02_Boessenkool-DNA5-2022-05-31/19-X52_S24_L002_R1_001_trim_pair.fastq.gz
02_Boessenkool-DNA5-2022-05-31,02,2022-05-31,19-X52_S24_L002,X52,R1,unpair,02_Boessenkool-DNA5-2022-05-31/19-X52_S24_L002_R1_001_trim_unpair.fastq.gz
02_Boessenkool-DNA5-2022-05-31,02,2022-05-31,19-X52_S24_L002,X52,R2,pair,02_Boessenkool-DNA5-2022-05-31/19-X52_S24_L002_R2_001_trim_pair.fastq.gz
02_Boessenkool-DNA5-2022-05-31,02,2022-05-31,19-X52_S24_L002,X52,R2,unpair,02_Boessenkool-DNA5-2022-05-31/19-X52_S24_L002_R2_001_trim_unpair.fastq.gz
02_Boessenkool-DNA5-2022-05-31,02,2022-05-31,20-X53_S27_L002,X53,R1,pair,02_Boessenkool-DNA5-2022-05-31/20-X53_S27_L002_R1_001_trim_pair.fastq.gz
02_Boessenkool-DNA5-2022-05-31,02,2022-05-31,20-X53_S27_L002,X53,R1,unpair,02_Boessenkool-DNA5-2022-05-31/20-X53_S27_L002_R1_001_trim_unpair.fastq.gz
02_Boessenkool-DNA5-2022-05-31,02,2022-05-31,20-X53_S27_L002,X53,R2,pair,02_Boessenkool-DNA5-2022-05-31/20-X53_S27_L002_R2_001_trim_pair.fastq.gz
02_Boessenkool-DNA5-2022-05-31,02,2022-05-31,20-X53_S27_L002,X53,R2,unpair,02_Boessenkool-DNA5-2022-05-31/20-X53_S27_L002_R2_001_trim_unpair.fastq.gz
02_Boessenkool-DNA5-2022-05-31,02,2022-05-31,21-X54_S30_L002,X54,R1,pair,02_Boessenkool-DNA5-2022-05-31/21-X54_S30_L002_R1_001_trim_pair.fastq.gz
02_Boessenkool-DNA5-2022-05-31,02,2022-05-31,21-X54_S30_L002,X54,R1,unpair,02_Boessenkool-DNA5-2022-05-31/21-X54_S30_L002_R1_001_trim_unpair.fastq.gz
02_Boessenkool-DNA5-2022-05-31,02,2022-05-31,21-X54_S30_L002,X54,R2,pair,02_Boessenkool-DNA5-2022-05-31/21-X54_S30_L002_R2_001_trim_pair.fastq.gz
02_Boessenkool-DNA5-2022-05-31,02,2022-05-31,21-X54_S30_L002,X54,R2,unpair,02_Boessenkool-DNA5-2022-05-31/21-X54_S30_L002_R2_001_trim_unpair.fastq.gz
02_Boessenkool-DNA5-2022-05-31,02,2022-05-31,5-X38_S28_L002,X38,R1,pair,02_Boessenkool-DNA5-2022-05-31/5-X38_S28_L002_R1_001_trim_pair.fastq.gz
02_Boessenkool-DNA5-2022-05-31,02,2022-05-31,5-X38_S28_L002,X38,R1,unpair,02_Boessenkool-DNA5-2022-05-31/5-X38_S28_L002_R1_001_trim_unpair.fastq.gz
02_Boessenkool-DNA5-2022-05-31,02,2022-05-31,5-X38_S28_L002,X38,R2,pair,02_Boessenkool-DNA5-2022-05-31/5-X38_S28_L002_R2_001_trim_pair.fastq.gz
02_Boessenkool-DNA5-2022-05-31,02,2022-05-31,5-X38_S28_L002,X38,R2,unpair,02_Boessenkool-DNA5-2022-05-31/5-X38_S28_L002_R2_001_trim_unpair.fastq.gz
02_Boessenkool-DNA5-2022-05-31,02,2022-05-31,6-X39_S31_L002,X39,R1,pair,02_Boessenkool-DNA5-2022-05-31/6-X39_S31_L002_R1_001_trim_pair.fastq.gz
02_Boessenkool-DNA5-2022-05-31,02,2022-05-31,6-X39_S31_L002,X39,R1,unpair,02_Boessenkool-DNA5-2022-05-31/6-X39_S31_L002_R1_001_trim_unpair.fastq.gz
02_Boessenkool-DNA5-2022-05-31,02,2022-05-31,6-X39_S31_L002,X39,R2,pair,02_Boessenkool-DNA5-2022-05-31/6-X39_S31_L002_R2_001_trim_pair.fastq.gz
02_Boessenkool-DNA5-2022-05-31,02,2022-05-31,6-X39_S31_L002,X39,R2,unpair,02_Boessenkool-DNA5-2022-05-31/6-X39_S31_L002_R2_001_trim_unpair.fastq.gz
02_Boessenkool-DNA5-2022-05-31,02,2022-05-31,7-X40_S34_L002,X40,R1,pair,02_Boessenkool-DNA5-2022-05-31/7-X40_S34_L002_R1_001_trim_pair.fastq.gz
02_Boessenkool-DNA5-2022-05-31,02,2022-05-31,7-X40_S34_L002,X40,R1,unpair,02_Boessenkool-DNA5-2022-05-31/7-X40_S34_L002_R1_001_trim_unpair.fastq.gz
02_Boessenkool-DNA5-2022-05-31,02,2022-05-31,7-X40_S34_L002,X40,R2,pair,02_Boessenkool-DNA5-2022-05-31/7-X40_S34_L002_R2_001_trim_pair.fastq.gz
02_Boessenkool-DNA5-2022-05-31,02,2022-05-31,7-X40_S34_L002,X40,R2,unpair,02_Boessenkool-DNA5-2022-05-31/7-X40_S34_L002_R2_001_trim_unpair.fastq.gz
02_Boessenkool-DNA5-2022-05-31,02,2022-05-31,8-X41_S36_L002,X41,R1,pair,02_Boessenkool-DNA5-2022-05-31/8-X41_S36_L002_R1_001_trim_pair.fastq.gz
02_Boessenkool-DNA5-2022-05-31,02,2022-05-31,8-X41_S36_L002,X41,R1,unpair,02_Boessenkool-DNA5-2022-05-31/8-X41_S36_L002_R1_001_trim_unpair.fastq.gz
02_Boessenkool-DNA5-2022-05-31,02,2022-05-31,8-X41_S36_L002,X41,R2,pair,02_Boessenkool-DNA5-2022-05-31/8-X41_S36_L002_R2_001_trim_pair.fastq.gz
02_Boessenkool-DNA5-2022-05-31,02,2022-05-31,8-X41_S36_L002,X41,R2,unpair,02_Boessenkool-DNA5-2022-05-31/8-X41_S36_L002_R2_001_trim_unpair.fastq.gz
02_Boessenkool-DNA5-2022-05-31,02,2022-05-31,9-X42_S17_L002,X42,R1,pair,02_Boessenkool-DNA5-2022-05-31/9-X42_S17_L002_R1_001_trim_pair.fastq.gz
02_Boessenkool-DNA5-2022-05-31,02,2022-05-31,9-X42_S17_L002,X42,R1,unpair,02_Boessenkool-DNA5-2022-05-31/9-X42_S17_L002_R1_001_trim_unpair.fastq.gz
02_Boessenkool-DNA5-2022-05-31,02,2022-05-31,9-X42_S17_L002,X42,R2,pair,02_Boessenkool-DNA5-2022-05-31/9-X42_S17_L002_R2_001_trim_pair.fastq.gz
02_Boessenkool-DNA5-2022-05-31,02,2022-05-31,9-X42_S17_L002,X42,R2,unpair,02_Boessenkool-DNA5-2022-05-31/9-X42_S17_L002_R2_001_trim_unpair.fastq.gz
03_NY-2023-26-10,03,2023-10-26,DAG-BS-10_S10,DAG-BS-10,R1,pair,03_NY-2023-26-10/DAG-BS-10_S10_R1_001_trim_pair.fastq.gz
03_NY-2023-26-10,03,2023-10-26,DAG-BS-10_S10,DAG-BS-10,R1,unpair,03_NY-2023-26-10/DAG-BS-10_S10_R1_001_trim_unpair.fastq.gz
03_NY-2023-26-10,03,2023-10-26,DAG-BS-10_S10,DAG-BS-10,R2,pair,03_NY-2023-26-10/DAG-BS-10_S10_R2_001_trim_pair.fastq.gz
03_NY-2023-26-10,03,2023-10-26,DAG-BS-10_S10,DAG-BS-10,R2,unpair,03_NY-2023-26-10/DAG-BS-10_S10_R2_001_trim_unpair.fastq.gz
03_NY-2023-26-10,03,2023-10-26,DAG-BS-11_S11,DAG-BS-11,R1,pair,03_NY-2023-26-10/DAG-BS-11_S11_R1_001_trim_pair.fastq.gz
03_NY-2023-26-10,03,2023-10-26,DAG-BS-11_S11,DAG-BS-11,R1,unpair,03_NY-2023-26-10/DAG-BS-11_S11_R1_001_trim_unpair.fastq.gz
03_NY-2023-26-10,03,2023-10-26,DAG-BS-11_S11,DAG-BS-11,R2,pair,03_NY-2023-26-10/DAG-BS-11_S11_R2_001_trim_pair.fastq.gz
03_NY-2023-26-10,03,2023-10-26,DAG-BS-11_S11,DAG-BS-11,R2,unpair,03_NY-2023-26-10/DAG-BS-11_S11_R2_001_trim_unpair.fastq.gz
03_NY-2023-26-10,03,2023-10-26,DAG-BS-12_S12,DAG-BS-12,R1,pair,03_NY-2023-26-10/DAG-BS-12_S12_R1_001_trim_pair.fastq.gz
03_NY-2023-26-10,03,2023-10-26,DAG-BS-12_S12,DAG-BS-12,R1,unpair,03_NY-2023-26-10/DAG-BS-12_S12_R1_001_trim_unpair.fastq.gz
03_NY-2023-26-10,03,2023-10-26,DAG-BS-12_S12,DAG-BS-12,R2,pair,03_NY-2023-26-10/DAG-BS-12_S12_R2_001_trim_pair.fastq.gz
03_NY-2023-26-10,03,2023-10-26,DAG-BS-12_S12,DAG-BS-12,R2,unpair,03_NY-2023-26-10/DAG-BS-12_S12_R2_001_trim_unpair.fastq.gz
03_NY-2023-26-10,03,2023-10-26,DAG-BS-13_S13,DAG-BS-13,R1,pair,03_NY-2023-26-10/DAG-BS-13_S13_R1_001_trim_pair.fastq.gz
03_NY-2023-26-10,03,2023-10-26,DAG-BS-13_S13,DAG-BS-13,R1,unpair,03_NY-2023-26-10/DAG-BS-13_S13_R1_001_trim_unpair.fastq.gz
03_NY-2023-26-10,03,2023-10-26,DAG-BS-13_S13,DAG-BS-13,R2,pair,03_NY-2023-26-10/DAG-BS-13_S13_R2_001_trim_pair.fastq.gz
03_NY-2023-26-10,03,2023-10-26,DAG-BS-13_S13,DAG-BS-13,R2,unpair,03_NY-2023-26-10/DAG-BS-13_S13_R2_001_trim_unpair.fastq.gz
03_NY-2023-26-10,03,2023-10-26,DAG-BS-1_S1,DAG-BS-1,R1,pair,03_NY-2023-26-10/DAG-BS-1_S1_R1_001_trim_pair.fastq.gz
03_NY-2023-26-10,03,2023-10-26,DAG-BS-1_S1,DAG-BS-1,R1,unpair,03_NY-2023-26-10/DAG-BS-1_S1_R1_001_trim_unpair.fastq.gz
03_NY-2023-26-10,03,2023-10-26,DAG-BS-1_S1,DAG-BS-1,R2,pair,03_NY-2023-26-10/DAG-BS-1_S1_R2_001_trim_pair.fastq.gz
03_NY-2023-26-10,03,2023-10-26,DAG-BS-1_S1,DAG-BS-1,R2,unpair,03_NY-2023-26-10/DAG-BS-1_S1_R2_001_trim_unpair.fastq.gz
03_NY-2023-26-10,03,2023-10-26,DAG-BS-2_S2,DAG-BS-2,R1,pair,03_NY-2023-26-10/DAG-BS-2_S2_R1_001_trim_pair.fastq.gz
03_NY-2023-26-10,03,2023-10-26,DAG-BS-2_S2,DAG-BS-2,R1,unpair,03_NY-2023-26-10/DAG-BS-2_S2_R1_001_trim_unpair.fastq.gz
03_NY-2023-26-10,03,2023-10-26,DAG-BS-2_S2,DAG-BS-2,R2,pair,03_NY-2023-26-10/DAG-BS-2_S2_R2_001_trim_pair.fastq.gz
03_NY-2023-26-10,03,2023-10-26,DAG-BS-2_S2,DAG-BS-2,R2,unpair,03_NY-2023-26-10/DAG-BS-2_S2_R2_001_trim_unpair.fastq.gz
03_NY-2023-26-10,03,2023-10-26,DAG-BS-3_S3,DAG-BS-3,R1,pair,03_NY-2023-26-10/DAG-BS-3_S3_R1_001_trim_pair.fastq.gz
03_NY-2023-26-10,03,2023-10-26,DAG-BS-3_S3,DAG-BS-3,R1,unpair,03_NY-2023-26-10/DAG-BS-3_S3_R1_001_trim_unpair.fastq.gz
03_NY-2023-26-10,03,2023-10-26,DAG-BS-3_S3,DAG-BS-3,R2,pair,03_NY-2023-26-10/DAG-BS-3_S3_R2_001_trim_pair.fastq.gz
03_NY-2023-26-10,03,2023-10-26,DAG-BS-3_S3,DAG-BS-3,R2,unpair,03_NY-2023-26-10/DAG-BS-3_S3_R2_001_trim_unpair.fastq.gz
03_NY-2023-26-10,03,2023-10-26,DAG-BS-4_S4,DAG-BS-4,R1,pair,03_NY-2023-26-10/DAG-BS-4_S4_R1_001_trim_pair.fastq.gz
03_NY-2023-26-10,03,2023-10-26,DAG-BS-4_S4,DAG-BS-4,R1,unpair,03_NY-2023-26-10/DAG-BS-4_S4_R1_001_trim_unpair.fastq.gz
03_NY-2023-26-10,03,2023-10-26,DAG-BS-4_S4,DAG-BS-4,R2,pair,03_NY-2023-26-10/DAG-BS-4_S4_R2_001_trim_pair.fastq.gz
03_NY-2023-26-10,03,2023-10-26,DAG-BS-4_S4,DAG-BS-4,R2,unpair,03_NY-2023-26-10/DAG-BS-4_S4_R2_001_trim_unpair.fastq.gz
03_NY-2023-26-10,03,2023-10-26,DAG-BS-5_S5,DAG-BS-5,R1,pair,03_NY-2023-26-10/DAG-BS-5_S5_R1_001_trim_pair.fastq.gz
03_NY-2023-26-10,03,2023-10-26,DAG-BS-5_S5,DAG-BS-5,R1,unpair,03_NY-2023-26-10/DAG-BS-5_S5_R1_001_trim_unpair.fastq.gz
03_NY-2023-26-10,03,2023-10-26,DAG-BS-5_S5,DAG-BS-5,R2,pair,03_NY-2023-26-10/DAG-BS-5_S5_R2_001_trim_pair.fastq.gz
03_NY-2023-26-10,03,2023-10-26,DAG-BS-5_S5,DAG-BS-5,R2,unpair,03_NY-2023-26-10/DAG-BS-5_S5_R2_001_trim_unpair.fastq.gz
03_NY-2023-26-10,03,2023-10-26,DAG-BS-6_S6,DAG-BS-6,R1,pair,03_NY-2023-26-10/DAG-BS-6_S6_R1_001_trim_pair.fastq.gz
03_NY-2023-26-10,03,2023-10-26,DAG-BS-6_S6,DAG-BS-6,R1,unpair,03_NY-2023-26-10/DAG-BS-6_S6_R1_001_trim_unpair.fastq.gz
03_NY-2023-26-10,03,2023-10-26,DAG-BS-6_S6,DAG-BS-6,R2,pair,03_NY-2023-26-10/DAG-BS-6_S6_R2_001_trim_pair.fastq.gz
03_NY-2023-26-10,03,2023-10-26,DAG-BS-6_S6,DAG-BS-6,R2,unpair,03_NY-2023-26-10/DAG-BS-6_S6_R2_001_trim_unpair.fastq.gz
03_NY-2023-26-10,03,2023-10-26,DAG-BS-7_S7,DAG-BS-7,R1,pair,03_NY-2023-26-10/DAG-BS-7_S7_R1_001_trim_pair.fastq.gz
03_NY-2023-26-10,03,2023-10-26,DAG-BS-7_S7,DAG-BS-7,R1,unpair,03_NY-2023-26-10/DAG-BS-7_S7_R1_001_trim_unpair.fastq.gz
03_NY-2023-26-10,03,2023-10-26,DAG-BS-7_S7,DAG-BS-7,R2,pair,03_NY-2023-26-10/DAG-BS-7_S7_R2_001_trim_pair.fastq.gz
03_NY-2023-26-10,03,2023-10-26,DAG-BS-7_S7,DAG-BS-7,R2,unpair,03_NY-2023-26-10/DAG-BS-7_S7_R2_001_trim_unpair.fastq.gz
03_NY-2023-26-10,03,2023-10-26,DAG-BS-8_S8,DAG-BS-8,R1,pair,03_NY-2023-26-10/DAG-BS-8_S8_R1_001_trim_pair.fastq.gz
03_NY-2023-26-10,03,2023-10-26,DAG-BS-8_S8,DAG-BS-8,R1,unpair,03_NY-2023-26-10/DAG-BS-8_S8_R1_001_trim_unpair.fastq.gz
03_NY-2023-26-10,03,2023-10-26,DAG-BS-8_S8,DAG-BS-8,R2,pair,03_NY-2023-26-10/DAG-BS-8_S8_R2_001_trim_pair.fastq.gz
03_NY-2023-26-10,03,2023-10-26,DAG-BS-8_S8,DAG-BS-8,R2,unpair,03_NY-2023-26-10/DAG-BS-8_S8_R2_001_trim_unpair.fastq.gz
03_NY-2023-26-10,03,2023-10-26,DAG-BS-9_S9,DAG-BS-9,R1,pair,03_NY-2023-26-10/DAG-BS-9_S9_R1_001_trim_pair.fastq.gz
03_NY-2023-26-10,03,2023-10-26,DAG-BS-9_S9,DAG-BS-9,R1,unpair,03_NY-2023-26-10/DAG-BS-9_S9_R1_001_trim_unpair.fastq.gz
03_NY-2023-26-10,03,2023-10-26,DAG-BS-9_S9,DAG-BS-9,R2,pair,03_NY-2023-26-10/DAG-BS-9_S9_R2_001_trim_pair.fastq.gz
03_NY-2023-26-10,03,2023-10-26,DAG-BS-9_S9,DAG-BS-9,R2,unpair,03_NY-2023-26-10/DAG-BS-9_S9_R2_001_trim_unpair.fastq.gz
03_NY-2023-26-10,03,2023-10-26,Undetermined_S0,Undetermined,R1,pair,03_NY-2023-26-10/Undetermined_S0_R1_001_trim_pair.fastq.gz
03_NY-2023-26-10,03,2023-10-26,Undetermined_S0,Undetermined,R1,unpair,03_NY-2023-26-10/Undetermined_S0_R1_001_trim_unpair.fastq.gz
03_NY-2023-26-10,03,2023-10-26,Undetermined_S0,Undetermined,R2,pair,03_NY-2023-26-10/Undetermined_S0_R2_001_trim_pair.fastq.gz
03_NY-2023-26-10,03,2023-10-26,Undetermined_S0,Undetermined,R2,unpair,03_NY-2023-26-10/Undetermined_S0_R2_001_trim_unpair.fastq.gz
04_Baalsrud-DNA1-2023-11-23,04,2023-11-23,1-WRG1_S28_L001,WRG1,R1,pair,04_Baalsrud-DNA1-2023-11-23/1-WRG1_S28_L001_R1_001_trim_pair.fastq.gz
04_Baalsrud-DNA1-2023-11-23,04,2023-11-23,1-WRG1_S28_L001,WRG1,R1,unpair,04_Baalsrud-DNA1-2023-11-23/1-WRG1_S28_L001_R1_001_trim_unpair.fastq.gz
04_Baalsrud-DNA1-2023-11-23,04,2023-11-23,1-WRG1_S28_L001,WRG1,R2,pair,04_Baalsrud-DNA1-2023-11-23/1-WRG1_S28_L001_R2_001_trim_pair.fastq.gz
04_Baalsrud-DNA1-2023-11-23,04,2023-11-23,1-WRG1_S28_L001,WRG1,R2,unpair,04_Baalsrud-DNA1-2023-11-23/1-WRG1_S28_L001_R2_001_trim_unpair.fastq.gz
04_Baalsrud-DNA1-2023-11-23,04,2023-11-23,2-WRG2_S33_L001,WRG2,R1,pair,04_Baalsrud-DNA1-2023-11-23/2-WRG2_S33_L001_R1_001_trim_pair.fastq.gz
04_Baalsrud-DNA1-2023-11-23,04,2023-11-23,2-WRG2_S33_L001,WRG2,R1,unpair,04_Baalsrud-DNA1-2023-11-23/2-WRG2_S33_L001_R1_001_trim_unpair.fastq.gz
04_Baalsrud-DNA1-2023-11-23,04,2023-11-23,2-WRG2_S33_L001,WRG2,R2,pair,04_Baalsrud-DNA1-2023-11-23/2-WRG2_S33_L001_R2_001_trim_pair.fastq.gz
04_Baalsrud-DNA1-2023-11-23,04,2023-11-23,2-WRG2_S33_L001,WRG2,R2,unpair,04_Baalsrud-DNA1-2023-11-23/2-WRG2_S33_L001_R2_001_trim_unpair.fastq.gz
04_Baalsrud-DNA1-2023-11-23,04,2023-11-23,3-WRG3_S39_L001,WRG3,R1,pair,04_Baalsrud-DNA1-2023-11-23/3-WRG3_S39_L001_R1_001_trim_pair.fastq.gz
04_Baalsrud-DNA1-2023-11-23,04,2023-11-23,3-WRG3_S39_L001,WRG3,R1,unpair,04_Baalsrud-DNA1-2023-11-23/3-WRG3_S39_L001_R1_001_trim_unpair.fastq.gz
04_Baalsrud-DNA1-2023-11-23,04,2023-11-23,3-WRG3_S39_L001,WRG3,R2,pair,04_Baalsrud-DNA1-2023-11-23/3-WRG3_S39_L001_R2_001_trim_pair.fastq.gz
04_Baalsrud-DNA1-2023-11-23,04,2023-11-23,3-WRG3_S39_L001,WRG3,R2,unpair,04_Baalsrud-DNA1-2023-11-23/3-WRG3_S39_L001_R2_001_trim_unpair.fastq.gz
04_Baalsrud-DNA1-2023-11-23,04,2023-11-23,4-WRG5_S4_L001,WRG5,R1,pair,04_Baalsrud-DNA1-2023-11-23/4-WRG5_S4_L001_R1_001_trim_pair.fastq.gz
04_Baalsrud-DNA1-2023-11-23,04,2023-11-23,4-WRG5_S4_L001,WRG5,R1,unpair,04_Baalsrud-DNA1-2023-11-23/4-WRG5_S4_L001_R1_001_trim_unpair.fastq.gz
04_Baalsrud-DNA1-2023-11-23,04,2023-11-23,4-WRG5_S4_L001,WRG5,R2,pair,04_Baalsrud-DNA1-2023-11-23/4-WRG5_S4_L001_R2_001_trim_pair.fastq.gz
04_Baalsrud-DNA1-2023-11-23,04,2023-11-23,4-WRG5_S4_L001,WRG5,R2,unpair,04_Baalsrud-DNA1-2023-11-23/4-WRG5_S4_L001_R2_001_trim_unpair.fastq.gz
04_Baalsrud-DNA1-2023-11-23,04,2023-11-23,5-WRG8_S10_L001,WRG8,R1,pair,04_Baalsrud-DNA1-2023-11-23/5-WRG8_S10_L001_R1_001_trim_pair.fastq.gz
04_Baalsrud-DNA1-2023-11-23,04,2023-11-23,5-WRG8_S10_L001,WRG8,R1,unpair,04_Baalsrud-DNA1-2023-11-23/5-WRG8_S10_L001_R1_001_trim_unpair.fastq.gz
04_Baalsrud-DNA1-2023-11-23,04,2023-11-23,5-WRG8_S10_L001,WRG8,R2,pair,04_Baalsrud-DNA1-2023-11-23/5-WRG8_S10_L001_R2_001_trim_pair.fastq.gz
04_Baalsrud-DNA1-2023-11-23,04,2023-11-23,5-WRG8_S10_L001,WRG8,R2,unpair,04_Baalsrud-DNA1-2023-11-23/5-WRG8_S10_L001_R2_001_trim_unpair.fastq.gz
04_Baalsrud-DNA1-2023-11-23,04,2023-11-23,6-WRG9_S15_L001,WRG9,R1,pair,04_Baalsrud-DNA1-2023-11-23/6-WRG9_S15_L001_R1_001_trim_pair.fastq.gz
04_Baalsrud-DNA1-2023-11-23,04,2023-11-23,6-WRG9_S15_L001,WRG9,R1,unpair,04_Baalsrud-DNA1-2023-11-23/6-WRG9_S15_L001_R1_001_trim_unpair.fastq.gz
04_Baalsrud-DNA1-2023-11-23,04,2023-11-23,6-WRG9_S15_L001,WRG9,R2,pair,04_Baalsrud-DNA1-2023-11-23/6-WRG9_S15_L001_R2_001_trim_pair.fastq.gz
04_Baalsrud-DNA1-2023-11-23,04,2023-11-23,6-WRG9_S15_L001,WRG9,R2,unpair,04_Baalsrud-DNA1-2023-11-23/6-WRG9_S15_L001_R2_001_trim_unpair.fastq.gz
04_Baalsrud-DNA1-2023-11-23,04,2023-11-23,7-WRG10_S19_L001,WRG10,R1,pair,04_Baalsrud-DNA1-2023-11-23/7-WRG10_S19_L001_R1_001_trim_pair.fastq.gz
04_Baalsrud-DNA1-2023-11-23,04,2023-11-23,7-WRG10_S19_L001,WRG10,R1,unpair,04_Baalsrud-DNA1-2023-11-23/7-WRG10_S19_L001_R1_001_trim_unpair.fastq.gz
04_Baalsrud-DNA1-2023-11-23,04,2023-11-23,7-WRG10_S19_L001,WRG10,R2,pair,04_Baalsrud-DNA1-2023-11-23/7-WRG10_S19_L001_R2_001_trim_pair.fastq.gz
04_Baalsrud-DNA1-2023-11-23,04,2023-11-23,7-WRG10_S19_L001,WRG10,R2,unpair,04_Baalsrud-DNA1-2023-11-23/7-WRG10_S19_L001_R2_001_trim_unpair.fastq.gz
04_Baalsrud-DNA1-2023-11-23,04,2023-11-23,8-WRG11_S24_L001,WRG11,R1,pair,04_Baalsrud-DNA1-2023-11-23/8-WRG11_S24_L001_R1_001_trim_pair.fastq.gz
04_Baalsrud-DNA1-2023-11-23,04,2023-11-23,8-WRG11_S24_L001,WRG11,R1,unpair,04_Baalsrud-DNA1-2023-11-23/8-WRG11_S24_L001_R1_001_trim_unpair.fastq.gz
04_Baalsrud-DNA1-2023-11-23,04,2023-11-23,8-WRG11_S24_L001,WRG11,R2,pair,04_Baalsrud-DNA1-2023-11-23/8-WRG11_S24_L001_R2_001_trim_pair.fastq.gz
04_Baalsrud-DNA1-2023-11-23,04,2023-11-23,8-WRG11_S24_L001,WRG11,R2,unpair,04_Baalsrud-DNA1-2023-11-23/8-WRG11_S24_L001_R2_001_trim_unpair.fastq.gz
05_Boessenkool-DNA4-2023-11-23,05,2023-11-23,10-X13_S2_L001,X13,R1,pair,05_Boessenkool-DNA4-2023-11-23/10-X13_S2_L001_R1_001_trim_pair.fastq.gz
05_Boessenkool-DNA4-2023-11-23,05,2023-11-23,10-X13_S2_L001,X13,R1,unpair,05_Boessenkool-DNA4-2023-11-23/10-X13_S2_L001_R1_001_trim_unpair.fastq.gz
05_Boessenkool-DNA4-2023-11-23,05,2023-11-23,10-X13_S2_L001,X13,R2,pair,05_Boessenkool-DNA4-2023-11-23/10-X13_S2_L001_R2_001_trim_pair.fastq.gz
05_Boessenkool-DNA4-2023-11-23,05,2023-11-23,10-X13_S2_L001,X13,R2,unpair,05_Boessenkool-DNA4-2023-11-23/10-X13_S2_L001_R2_001_trim_unpair.fastq.gz
05_Boessenkool-DNA4-2023-11-23,05,2023-11-23,11-X14_S8_L001,X14,R1,pair,05_Boessenkool-DNA4-2023-11-23/11-X14_S8_L001_R1_001_trim_pair.fastq.gz
05_Boessenkool-DNA4-2023-11-23,05,2023-11-23,11-X14_S8_L001,X14,R1,unpair,05_Boessenkool-DNA4-2023-11-23/11-X14_S8_L001_R1_001_trim_unpair.fastq.gz
05_Boessenkool-DNA4-2023-11-23,05,2023-11-23,11-X14_S8_L001,X14,R2,pair,05_Boessenkool-DNA4-2023-11-23/11-X14_S8_L001_R2_001_trim_pair.fastq.gz
05_Boessenkool-DNA4-2023-11-23,05,2023-11-23,11-X14_S8_L001,X14,R2,unpair,05_Boessenkool-DNA4-2023-11-23/11-X14_S8_L001_R2_001_trim_unpair.fastq.gz
05_Boessenkool-DNA4-2023-11-23,05,2023-11-23,12-X15_S13_L001,X15,R1,pair,05_Boessenkool-DNA4-2023-11-23/12-X15_S13_L001_R1_001_trim_pair.fastq.gz
05_Boessenkool-DNA4-2023-11-23,05,2023-11-23,12-X15_S13_L001,X15,R1,unpair,05_Boessenkool-DNA4-2023-11-23/12-X15_S13_L001_R1_001_trim_unpair.fastq.gz
05_Boessenkool-DNA4-2023-11-23,05,2023-11-23,12-X15_S13_L001,X15,R2,pair,05_Boessenkool-DNA4-2023-11-23/12-X15_S13_L001_R2_001_trim_pair.fastq.gz
05_Boessenkool-DNA4-2023-11-23,05,2023-11-23,12-X15_S13_L001,X15,R2,unpair,05_Boessenkool-DNA4-2023-11-23/12-X15_S13_L001_R2_001_trim_unpair.fastq.gz
05_Boessenkool-DNA4-2023-11-23,05,2023-11-23,13-X16_S17_L001,X16,R1,pair,05_Boessenkool-DNA4-2023-11-23/13-X16_S17_L001_R1_001_trim_pair.fastq.gz
05_Boessenkool-DNA4-2023-11-23,05,2023-11-23,13-X16_S17_L001,X16,R1,unpair,05_Boessenkool-DNA4-2023-11-23/13-X16_S17_L001_R1_001_trim_unpair.fastq.gz
05_Boessenkool-DNA4-2023-11-23,05,2023-11-23,13-X16_S17_L001,X16,R2,pair,05_Boessenkool-DNA4-2023-11-23/13-X16_S17_L001_R2_001_trim_pair.fastq.gz
05_Boessenkool-DNA4-2023-11-23,05,2023-11-23,13-X16_S17_L001,X16,R2,unpair,05_Boessenkool-DNA4-2023-11-23/13-X16_S17_L001_R2_001_trim_unpair.fastq.gz
05_Boessenkool-DNA4-2023-11-23,05,2023-11-23,14-X17_S22_L001,X17,R1,pair,05_Boessenkool-DNA4-2023-11-23/14-X17_S22_L001_R1_001_trim_pair.fastq.gz
05_Boessenkool-DNA4-2023-11-23,05,2023-11-23,14-X17_S22_L001,X17,R1,unpair,05_Boessenkool-DNA4-2023-11-23/14-X17_S22_L001_R1_001_trim_unpair.fastq.gz
05_Boessenkool-DNA4-2023-11-23,05,2023-11-23,14-X17_S22_L001,X17,R2,pair,05_Boessenkool-DNA4-2023-11-23/14-X17_S22_L001_R2_001_trim_pair.fastq.gz
05_Boessenkool-DNA4-2023-11-23,05,2023-11-23,14-X17_S22_L001,X17,R2,unpair,05_Boessenkool-DNA4-2023-11-23/14-X17_S22_L001_R2_001_trim_unpair.fastq.gz
05_Boessenkool-DNA4-2023-11-23,05,2023-11-23,15-X18_S27_L001,X18,R1,pair,05_Boessenkool-DNA4-2023-11-23/15-X18_S27_L001_R1_001_trim_pair.fastq.gz
05_Boessenkool-DNA4-2023-11-23,05,2023-11-23,15-X18_S27_L001,X18,R1,unpair,05_Boessenkool-DNA4-2023-11-23/15-X18_S27_L001_R1_001_trim_unpair.fastq.gz
05_Boessenkool-DNA4-2023-11-23,05,2023-11-23,15-X18_S27_L001,X18,R2,pair,05_Boessenkool-DNA4-2023-11-23/15-X18_S27_L001_R2_001_trim_pair.fastq.gz
05_Boessenkool-DNA4-2023-11-23,05,2023-11-23,15-X18_S27_L001,X18,R2,unpair,05_Boessenkool-DNA4-2023-11-23/15-X18_S27_L001_R2_001_trim_unpair.fastq.gz
05_Boessenkool-DNA4-2023-11-23,05,2023-11-23,16-X19_S32_L001,X19,R1,pair,05_Boessenkool-DNA4-2023-11-23/16-X19_S32_L001_R1_001_trim_pair.fastq.gz
05_Boessenkool-DNA4-2023-11-23,05,2023-11-23,16-X19_S32_L001,X19,R1,unpair,05_Boessenkool-DNA4-2023-11-23/16-X19_S32_L001_R1_001_trim_unpair.fastq.gz
05_Boessenkool-DNA4-2023-11-23,05,2023-11-23,16-X19_S32_L001,X19,R2,pair,05_Boessenkool-DNA4-2023-11-23/16-X19_S32_L001_R2_001_trim_pair.fastq.gz
05_Boessenkool-DNA4-2023-11-23,05,2023-11-23,16-X19_S32_L001,X19,R2,unpair,05_Boessenkool-DNA4-2023-11-23/16-X19_S32_L001_R2_001_trim_unpair.fastq.gz
05_Boessenkool-DNA4-2023-11-23,05,2023-11-23,17-X20_S38_L001,X20,R1,pair,05_Boessenkool-DNA4-2023-11-23/17-X20_S38_L001_R1_001_trim_pair.fastq.gz
05_Boessenkool-DNA4-2023-11-23,05,2023-11-23,17-X20_S38_L001,X20,R1,unpair,05_Boessenkool-DNA4-2023-11-23/17-X20_S38_L001_R1_001_trim_unpair.fastq.gz
05_Boessenkool-DNA4-2023-11-23,05,2023-11-23,17-X20_S38_L001,X20,R2,pair,05_Boessenkool-DNA4-2023-11-23/17-X20_S38_L001_R2_001_trim_pair.fastq.gz
05_Boessenkool-DNA4-2023-11-23,05,2023-11-23,17-X20_S38_L001,X20,R2,unpair,05_Boessenkool-DNA4-2023-11-23/17-X20_S38_L001_R2_001_trim_unpair.fastq.gz
05_Boessenkool-DNA4-2023-11-23,05,2023-11-23,18-X21_S3_L001,X21,R1,pair,05_Boessenkool-DNA4-2023-11-23/18-X21_S3_L001_R1_001_trim_pair.fastq.gz
05_Boessenkool-DNA4-2023-11-23,05,2023-11-23,18-X21_S3_L001,X21,R1,unpair,05_Boessenkool-DNA4-2023-11-23/18-X21_S3_L001_R1_001_trim_unpair.fastq.gz
05_Boessenkool-DNA4-2023-11-23,05,2023-11-23,18-X21_S3_L001,X21,R2,pair,05_Boessenkool-DNA4-2023-11-23/18-X21_S3_L001_R2_001_trim_pair.fastq.gz
05_Boessenkool-DNA4-2023-11-23,05,2023-11-23,18-X21_S3_L001,X21,R2,unpair,05_Boessenkool-DNA4-2023-11-23/18-X21_S3_L001_R2_001_trim_unpair.fastq.gz
05_Boessenkool-DNA4-2023-11-23,05,2023-11-23,19-X22_S9_L001,X22,R1,pair,05_Boessenkool-DNA4-2023-11-23/19-X22_S9_L001_R1_001_trim_pair.fastq.gz
05_Boessenkool-DNA4-2023-11-23,05,2023-11-23,19-X22_S9_L001,X22,R1,unpair,05_Boessenkool-DNA4-2023-11-23/19-X22_S9_L001_R1_001_trim_unpair.fastq.gz
05_Boessenkool-DNA4-2023-11-23,05,2023-11-23,19-X22_S9_L001,X22,R2,pair,05_Boessenkool-DNA4-2023-11-23/19-X22_S9_L001_R2_001_trim_pair.fastq.gz
05_Boessenkool-DNA4-2023-11-23,05,2023-11-23,19-X22_S9_L001,X22,R2,unpair,05_Boessenkool-DNA4-2023-11-23/19-X22_S9_L001_R2_001_trim_unpair.fastq.gz
05_Boessenkool-DNA4-2023-11-23,05,2023-11-23,1-X1_S36_L001,X1,R1,pair,05_Boessenkool-DNA4-2023-11-23/1-X1_S36_L001_R1_001_trim_pair.fastq.gz
05_Boessenkool-DNA4-2023-11-23,05,2023-11-23,1-X1_S36_L001,X1,R1,unpair,05_Boessenkool-DNA4-2023-11-23/1-X1_S36_L001_R1_001_trim_unpair.fastq.gz
05_Boessenkool-DNA4-2023-11-23,05,2023-11-23,1-X1_S36_L001,X1,R2,pair,05_Boessenkool-DNA4-2023-11-23/1-X1_S36_L001_R2_001_trim_pair.fastq.gz
05_Boessenkool-DNA4-2023-11-23,05,2023-11-23,1-X1_S36_L001,X1,R2,unpair,05_Boessenkool-DNA4-2023-11-23/1-X1_S36_L001_R2_001_trim_unpair.fastq.gz
05_Boessenkool-DNA4-2023-11-23,05,2023-11-23,20-X23_S14_L001,X23,R1,pair,05_Boessenkool-DNA4-2023-11-23/20-X23_S14_L001_R1_001_trim_pair.fastq.gz
05_Boessenkool-DNA4-2023-11-23,05,2023-11-23,20-X23_S14_L001,X23,R1,unpair,05_Boessenkool-DNA4-2023-11-23/20-X23_S14_L001_R1_001_trim_unpair.fastq.gz
05_Boessenkool-DNA4-2023-11-23,05,2023-11-23,20-X23_S14_L001,X23,R2,pair,05_Boessenkool-DNA4-2023-11-23/20-X23_S14_L001_R2_001_trim_pair.fastq.gz
05_Boessenkool-DNA4-2023-11-23,05,2023-11-23,20-X23_S14_L001,X23,R2,unpair,05_Boessenkool-DNA4-2023-11-23/20-X23_S14_L001_R2_001_trim_unpair.fastq.gz
05_Boessenkool-DNA4-2023-11-23,05,2023-11-23,21-X24_S18_L001,X24,R1,pair,05_Boessenkool-DNA4-2023-11-23/21-X24_S18_L001_R1_001_trim_pair.fastq.gz
05_Boessenkool-DNA4-2023-11-23,05,2023-11-23,21-X24_S18_L001,X24,R1,unpair,05_Boessenkool-DNA4-2023-11-23/21-X24_S18_L001_R1_001_trim_unpair.fastq.gz
05_Boessenkool-DNA4-2023-11-23,05,2023-11-23,21-X24_S18_L001,X24,R2,pair,05_Boessenkool-DNA4-2023-11-23/21-X24_S18_L001_R2_001_trim_pair.fastq.gz
05_Boessenkool-DNA4-2023-11-23,05,2023-11-23,21-X24_S18_L001,X24,R2,unpair,05_Boessenkool-DNA4-2023-11-23/21-X24_S18_L001_R2_001_trim_unpair.fastq.gz
05_Boessenkool-DNA4-2023-11-23,05,2023-11-23,22-X25_S23_L001,X25,R1,pair,05_Boessenkool-DNA4-2023-11-23/22-X25_S23_L001_R1_001_trim_pair.fastq.gz
05_Boessenkool-DNA4-2023-11-23,05,2023-11-23,22-X25_S23_L001,X25,R1,unpair,05_Boessenkool-DNA4-2023-11-23/22-X25_S23_L001_R1_001_trim_unpair.fastq.gz
05_Boessenkool-DNA4-2023-11-23,05,2023-11-23,22-X25_S23_L001,X25,R2,pair,05_Boessenkool-DNA4-2023-11-23/22-X25_S23_L001_R2_001_trim_pair.fastq.gz
05_Boessenkool-DNA4-2023-11-23,05,2023-11-23,22-X25_S23_L001,X25,R2,unpair,05_Boessenkool-DNA4-2023-11-23/22-X25_S23_L001_R2_001_trim_unpair.fastq.gz
05_Boessenkool-DNA4-2023-11-23,05,2023-11-23,23-X26_S29_L001,X26,R1,pair,05_Boessenkool-DNA4-2023-11-23/23-X26_S29_L001_R1_001_trim_pair.fastq.gz
05_Boessenkool-DNA4-2023-11-23,05,2023-11-23,23-X26_S29_L001,X26,R1,unpair,05_Boessenkool-DNA4-2023-11-23/23-X26_S29_L001_R1_001_trim_unpair.fastq.gz
05_Boessenkool-DNA4-2023-11-23,05,2023-11-23,23-X26_S29_L001,X26,R2,pair,05_Boessenkool-DNA4-2023-11-23/23-X26_S29_L001_R2_001_trim_pair.fastq.gz
05_Boessenkool-DNA4-2023-11-23,05,2023-11-23,23-X26_S29_L001,X26,R2,unpair,05_Boessenkool-DNA4-2023-11-23/23-X26_S29_L001_R2_001_trim_unpair.fastq.gz
05_Boessenkool-DNA4-2023-11-23,05,2023-11-23,24-X27_S34_L001,X27,R1,pair,05_Boessenkool-DNA4-2023-11-23/24-X27_S34_L001_R1_001_trim_pair.fastq.gz
05_Boessenkool-DNA4-2023-11-23,05,2023-11-23,24-X27_S34_L001,X27,R1,unpair,05_Boessenkool-DNA4-2023-11-23/24-X27_S34_L001_R1_001_trim_unpair.fastq.gz
05_Boessenkool-DNA4-2023-11-23,05,2023-11-23,24-X27_S34_L001,X27,R2,pair,05_Boessenkool-DNA4-2023-11-23/24-X27_S34_L001_R2_001_trim_pair.fastq.gz
05_Boessenkool-DNA4-2023-11-23,05,2023-11-23,24-X27_S34_L001,X27,R2,unpair,05_Boessenkool-DNA4-2023-11-23/24-X27_S34_L001_R2_001_trim_unpair.fastq.gz
05_Boessenkool-DNA4-2023-11-23,05,2023-11-23,25-X28_S40_L001,X28,R1,pair,05_Boessenkool-DNA4-2023-11-23/25-X28_S40_L001_R1_001_trim_pair.fastq.gz
05_Boessenkool-DNA4-2023-11-23,05,2023-11-23,25-X28_S40_L001,X28,R1,unpair,05_Boessenkool-DNA4-2023-11-23/25-X28_S40_L001_R1_001_trim_unpair.fastq.gz
05_Boessenkool-DNA4-2023-11-23,05,2023-11-23,25-X28_S40_L001,X28,R2,pair,05_Boessenkool-DNA4-2023-11-23/25-X28_S40_L001_R2_001_trim_pair.fastq.gz
05_Boessenkool-DNA4-2023-11-23,05,2023-11-23,25-X28_S40_L001,X28,R2,unpair,05_Boessenkool-DNA4-2023-11-23/25-X28_S40_L001_R2_001_trim_unpair.fastq.gz
05_Boessenkool-DNA4-2023-11-23,05,2023-11-23,26-X29_S5_L001,X29,R1,pair,05_Boessenkool-DNA4-2023-11-23/26-X29_S5_L001_R1_001_trim_pair.fastq.gz
05_Boessenkool-DNA4-2023-11-23,05,2023-11-23,26-X29_S5_L001,X29,R1,unpair,05_Boessenkool-DNA4-2023-11-23/26-X29_S5_L001_R1_001_trim_unpair.fastq.gz
05_Boessenkool-DNA4-2023-11-23,05,2023-11-23,26-X29_S5_L001,X29,R2,pair,05_Boessenkool-DNA4-2023-11-23/26-X29_S5_L001_R2_001_trim_pair.fastq.gz
05_Boessenkool-DNA4-2023-11-23,05,2023-11-23,26-X29_S5_L001,X29,R2,unpair,05_Boessenkool-DNA4-2023-11-23/26-X29_S5_L001_R2_001_trim_unpair.fastq.gz
05_Boessenkool-DNA4-2023-11-23,05,2023-11-23,27-X30_S11_L001,X30,R1,pair,05_Boessenkool-DNA4-2023-11-23/27-X30_S11_L001_R1_001_trim_pair.fastq.gz
05_Boessenkool-DNA4-2023-11-23,05,2023-11-23,27-X30_S11_L001,X30,R1,unpair,05_Boessenkool-DNA4-2023-11-23/27-X30_S11_L001_R1_001_trim_unpair.fastq.gz
05_Boessenkool-DNA4-2023-11-23,05,2023-11-23,27-X30_S11_L001,X30,R2,pair,05_Boessenkool-DNA4-2023-11-23/27-X30_S11_L001_R2_001_trim_pair.fastq.gz
05_Boessenkool-DNA4-2023-11-23,05,2023-11-23,27-X30_S11_L001,X30,R2,unpair,05_Boessenkool-DNA4-2023-11-23/27-X30_S11_L001_R2_001_trim_unpair.fastq.gz
05_Boessenkool-DNA4-2023-11-23,05,2023-11-23,28-X31_S16_L001,X31,R1,pair,05_Boessenkool-DNA4-2023-11-23/28-X31_S16_L001_R1_001_trim_pair.fastq.gz
05_Boessenkool-DNA4-2023-11-23,05,2023-11-23,28-X31_S16_L001,X31,R1,unpair,05_Boessenkool-DNA4-2023-11-23/28-X31_S16_L001_R1_001_trim_unpair.fastq.gz
05_Boessenkool-DNA4-2023-11-23,05,2023-11-23,28-X31_S16_L001,X31,R2,pair,05_Boessenkool-DNA4-2023-11-23/28-X31_S16_L001_R2_001_trim_pair.fastq.gz
05_Boessenkool-DNA4-2023-11-23,05,2023-11-23,28-X31_S16_L001,X31,R2,unpair,05_Boessenkool-DNA4-2023-11-23/28-X31_S16_L001_R2_001_trim_unpair.fastq.gz
05_Boessenkool-DNA4-2023-11-23,05,2023-11-23,29-X32_S20_L001,X32,R1,pair,05_Boessenkool-DNA4-2023-11-23/29-X32_S20_L001_R1_001_trim_pair.fastq.gz
05_Boessenkool-DNA4-2023-11-23,05,2023-11-23,29-X32_S20_L001,X32,R1,unpair,05_Boessenkool-DNA4-2023-11-23/29-X32_S20_L001_R1_001_trim_unpair.fastq.gz
05_Boessenkool-DNA4-2023-11-23,05,2023-11-23,29-X32_S20_L001,X32,R2,pair,05_Boessenkool-DNA4-2023-11-23/29-X32_S20_L001_R2_001_trim_pair.fastq.gz
05_Boessenkool-DNA4-2023-11-23,05,2023-11-23,29-X32_S20_L001,X32,R2,unpair,05_Boessenkool-DNA4-2023-11-23/29-X32_S20_L001_R2_001_trim_unpair.fastq.gz
05_Boessenkool-DNA4-2023-11-23,05,2023-11-23,2-X2_S1_L001,X2,R1,pair,05_Boessenkool-DNA4-2023-11-23/2-X2_S1_L001_R1_001_trim_pair.fastq.gz
05_Boessenkool-DNA4-2023-11-23,05,2023-11-23,2-X2_S1_L001,X2,R1,unpair,05_Boessenkool-DNA4-2023-11-23/2-X2_S1_L001_R1_001_trim_unpair.fastq.gz
05_Boessenkool-DNA4-2023-11-23,05,2023-11-23,2-X2_S1_L001,X2,R2,pair,05_Boessenkool-DNA4-2023-11-23/2-X2_S1_L001_R2_001_trim_pair.fastq.gz
05_Boessenkool-DNA4-2023-11-23,05,2023-11-23,2-X2_S1_L001,X2,R2,unpair,05_Boessenkool-DNA4-2023-11-23/2-X2_S1_L001_R2_001_trim_unpair.fastq.gz
05_Boessenkool-DNA4-2023-11-23,05,2023-11-23,30-X33_S25_L001,X33,R1,pair,05_Boessenkool-DNA4-2023-11-23/30-X33_S25_L001_R1_001_trim_pair.fastq.gz
05_Boessenkool-DNA4-2023-11-23,05,2023-11-23,30-X33_S25_L001,X33,R1,unpair,05_Boessenkool-DNA4-2023-11-23/30-X33_S25_L001_R1_001_trim_unpair.fastq.gz
05_Boessenkool-DNA4-2023-11-23,05,2023-11-23,30-X33_S25_L001,X33,R2,pair,05_Boessenkool-DNA4-2023-11-23/30-X33_S25_L001_R2_001_trim_pair.fastq.gz
05_Boessenkool-DNA4-2023-11-23,05,2023-11-23,30-X33_S25_L001,X33,R2,unpair,05_Boessenkool-DNA4-2023-11-23/30-X33_S25_L001_R2_001_trim_unpair.fastq.gz
05_Boessenkool-DNA4-2023-11-23,05,2023-11-23,31-X34_S30_L001,X34,R1,pair,05_Boessenkool-DNA4-2023-11-23/31-X34_S30_L001_R1_001_trim_pair.fastq.gz
05_Boessenkool-DNA4-2023-11-23,05,2023-11-23,31-X34_S30_L001,X34,R1,unpair,05_Boessenkool-DNA4-2023-11-23/31-X34_S30_L001_R1_001_trim_unpair.fastq.gz
05_Boessenkool-DNA4-2023-11-23,05,2023-11-23,31-X34_S30_L001,X34,R2,pair,05_Boessenkool-DNA4-2023-11-23/31-X34_S30_L001_R2_001_trim_pair.fastq.gz
05_Boessenkool-DNA4-2023-11-23,05,2023-11-23,31-X34_S30_L001,X34,R2,unpair,05_Boessenkool-DNA4-2023-11-23/31-X34_S30_L001_R2_001_trim_unpair.fastq.gz
05_Boessenkool-DNA4-2023-11-23,05,2023-11-23,32-X35_S35_L001,X35,R1,pair,05_Boessenkool-DNA4-2023-11-23/32-X35_S35_L001_R1_001_trim_pair.fastq.gz
05_Boessenkool-DNA4-2023-11-23,05,2023-11-23,32-X35_S35_L001,X35,R1,unpair,05_Boessenkool-DNA4-2023-11-23/32-X35_S35_L001_R1_001_trim_unpair.fastq.gz
05_Boessenkool-DNA4-2023-11-23,05,2023-11-23,32-X35_S35_L001,X35,R2,pair,05_Boessenkool-DNA4-2023-11-23/32-X35_S35_L001_R2_001_trim_pair.fastq.gz
05_Boessenkool-DNA4-2023-11-23,05,2023-11-23,32-X35_S35_L001,X35,R2,unpair,05_Boessenkool-DNA4-2023-11-23/32-X35_S35_L001_R2_001_trim_unpair.fastq.gz
05_Boessenkool-DNA4-2023-11-23,05,2023-11-23,33-X36_S41_L001,X36,R1,pair,05_Boessenkool-DNA4-2023-11-23/33-X36_S41_L001_R1_001_trim_pair.fastq.gz
05_Boessenkool-DNA4-2023-11-23,05,2023-11-23,33-X36_S41_L001,X36,R1,unpair,05_Boessenkool-DNA4-2023-11-23/33-X36_S41_L001_R1_001_trim_unpair.fastq.gz
05_Boessenkool-DNA4-2023-11-23,05,2023-11-23,33-X36_S41_L001,X36,R2,pair,05_Boessenkool-DNA4-2023-11-23/33-X36_S41_L001_R2_001_trim_pair.fastq.gz
05_Boessenkool-DNA4-2023-11-23,05,2023-11-23,33-X36_S41_L001,X36,R2,unpair,05_Boessenkool-DNA4-2023-11-23/33-X36_S41_L001_R2_001_trim_unpair.fastq.gz
05_Boessenkool-DNA4-2023-11-23,05,2023-11-23,34-X37_S6_L001,X37,R1,pair,05_Boessenkool-DNA4-2023-11-23/34-X37_S6_L001_R1_001_trim_pair.fastq.gz
05_Boessenkool-DNA4-2023-11-23,05,2023-11-23,34-X37_S6_L001,X37,R1,unpair,05_Boessenkool-DNA4-2023-11-23/34-X37_S6_L001_R1_001_trim_unpair.fastq.gz
05_Boessenkool-DNA4-2023-11-23,05,2023-11-23,34-X37_S6_L001,X37,R2,pair,05_Boessenkool-DNA4-2023-11-23/34-X37_S6_L001_R2_001_trim_pair.fastq.gz
05_Boessenkool-DNA4-2023-11-23,05,2023-11-23,34-X37_S6_L001,X37,R2,unpair,05_Boessenkool-DNA4-2023-11-23/34-X37_S6_L001_R2_001_trim_unpair.fastq.gz
05_Boessenkool-DNA4-2023-11-23,05,2023-11-23,3-X3_S7_L001,X3,R1,pair,05_Boessenkool-DNA4-2023-11-23/3-X3_S7_L001_R1_001_trim_pair.fastq.gz
05_Boessenkool-DNA4-2023-11-23,05,2023-11-23,3-X3_S7_L001,X3,R1,unpair,05_Boessenkool-DNA4-2023-11-23/3-X3_S7_L001_R1_001_trim_unpair.fastq.gz
05_Boessenkool-DNA4-2023-11-23,05,2023-11-23,3-X3_S7_L001,X3,R2,pair,05_Boessenkool-DNA4-2023-11-23/3-X3_S7_L001_R2_001_trim_pair.fastq.gz
05_Boessenkool-DNA4-2023-11-23,05,2023-11-23,3-X3_S7_L001,X3,R2,unpair,05_Boessenkool-DNA4-2023-11-23/3-X3_S7_L001_R2_001_trim_unpair.fastq.gz
05_Boessenkool-DNA4-2023-11-23,05,2023-11-23,4-X4_S12_L001,X4,R1,pair,05_Boessenkool-DNA4-2023-11-23/4-X4_S12_L001_R1_001_trim_pair.fastq.gz
05_Boessenkool-DNA4-2023-11-23,05,2023-11-23,4-X4_S12_L001,X4,R1,unpair,05_Boessenkool-DNA4-2023-11-23/4-X4_S12_L001_R1_001_trim_unpair.fastq.gz
05_Boessenkool-DNA4-2023-11-23,05,2023-11-23,4-X4_S12_L001,X4,R2,pair,05_Boessenkool-DNA4-2023-11-23/4-X4_S12_L001_R2_001_trim_pair.fastq.gz
05_Boessenkool-DNA4-2023-11-23,05,2023-11-23,4-X4_S12_L001,X4,R2,unpair,05_Boessenkool-DNA4-2023-11-23/4-X4_S12_L001_R2_001_trim_unpair.fastq.gz
05_Boessenkool-DNA4-2023-11-23,05,2023-11-23,6-X6_S21_L001,X6,R1,pair,05_Boessenkool-DNA4-2023-11-23/6-X6_S21_L001_R1_001_trim_pair.fastq.gz
05_Boessenkool-DNA4-2023-11-23,05,2023-11-23,6-X6_S21_L001,X6,R1,unpair,05_Boessenkool-DNA4-2023-11-23/6-X6_S21_L001_R1_001_trim_unpair.fastq.gz
05_Boessenkool-DNA4-2023-11-23,05,2023-11-23,6-X6_S21_L001,X6,R2,pair,05_Boessenkool-DNA4-2023-11-23/6-X6_S21_L001_R2_001_trim_pair.fastq.gz
05_Boessenkool-DNA4-2023-11-23,05,2023-11-23,6-X6_S21_L001,X6,R2,unpair,05_Boessenkool-DNA4-2023-11-23/6-X6_S21_L001_R2_001_trim_unpair.fastq.gz
05_Boessenkool-DNA4-2023-11-23,05,2023-11-23,7-X8_S26_L001,X8,R1,pair,05_Boessenkool-DNA4-2023-11-23/7-X8_S26_L001_R1_001_trim_pair.fastq.gz
05_Boessenkool-DNA4-2023-11-23,05,2023-11-23,7-X8_S26_L001,X8,R1,unpair,05_Boessenkool-DNA4-2023-11-23/7-X8_S26_L001_R1_001_trim_unpair.fastq.gz
05_Boessenkool-DNA4-2023-11-23,05,2023-11-23,7-X8_S26_L001,X8,R2,pair,05_Boessenkool-DNA4-2023-11-23/7-X8_S26_L001_R2_001_trim_pair.fastq.gz
05_Boessenkool-DNA4-2023-11-23,05,2023-11-23,7-X8_S26_L001,X8,R2,unpair,05_Boessenkool-DNA4-2023-11-23/7-X8_S26_L001_R2_001_trim_unpair.fastq.gz
05_Boessenkool-DNA4-2023-11-23,05,2023-11-23,8-X11_S31_L001,X11,R1,pair,05_Boessenkool-DNA4-2023-11-23/8-X11_S31_L001_R1_001_trim_pair.fastq.gz
05_Boessenkool-DNA4-2023-11-23,05,2023-11-23,8-X11_S31_L001,X11,R1,unpair,05_Boessenkool-DNA4-2023-11-23/8-X11_S31_L001_R1_001_trim_unpair.fastq.gz
05_Boessenkool-DNA4-2023-11-23,05,2023-11-23,8-X11_S31_L001,X11,R2,pair,05_Boessenkool-DNA4-2023-11-23/8-X11_S31_L001_R2_001_trim_pair.fastq.gz
05_Boessenkool-DNA4-2023-11-23,05,2023-11-23,8-X11_S31_L001,X11,R2,unpair,05_Boessenkool-DNA4-2023-11-23/8-X11_S31_L001_R2_001_trim_unpair.fastq.gz
05_Boessenkool-DNA4-2023-11-23,05,2023-11-23,9-X12_S37_L001,X12,R1,pair,05_Boessenkool-DNA4-2023-11-23/9-X12_S37_L001_R1_001_trim_pair.fastq.gz
05_Boessenkool-DNA4-2023-11-23,05,2023-11-23,9-X12_S37_L001,X12,R1,unpair,05_Boessenkool-DNA4-2023-11-23/9-X12_S37_L001_R1_001_trim_unpair.fastq.gz
05_Boessenkool-DNA4-2023-11-23,05,2023-11-23,9-X12_S37_L001,X12,R2,pair,05_Boessenkool-DNA4-2023-11-23/9-X12_S37_L001_R2_001_trim_pair.fastq.gz
05_Boessenkool-DNA4-2023-11-23,05,2023-11-23,9-X12_S37_L001,X12,R2,unpair,05_Boessenkool-DNA4-2023-11-23/9-X12_S37_L001_R2_001_trim_unpair.fastq.gz
